date,% WEIGHTED ILI,%UNWEIGHTED ILI,AGE 0-4,AGE 5-24,ILITOTAL,NUM. OF PROVIDERS,OT
2002-01-01 00:00:00,1.22262,1.16668,582.0,805.0,2060.0,754.0,176569.0
2002-01-08 00:00:00,1.33344,1.2165,683.0,872.0,2267.0,785.0,186355.0
2002-01-15 00:00:00,1.31929,1.13057,642.0,878.0,2176.0,831.0,192469.0
2002-01-22 00:00:00,1.49484,1.25246,728.0,1045.0,2599.0,863.0,207512.0
2002-01-29 00:00:00,1.47195,1.30237,823.0,1189.0,2907.0,909.0,223208.0
2002-02-05 00:00:00,1.58094,1.40551,887.0,1272.0,3225.0,930.0,229454.0
2002-02-12 00:00:00,1.49426,1.38437,851.0,1173.0,3097.0,923.0,223712.0
2002-02-19 00:00:00,1.40569,1.32563,802.0,1166.0,2967.0,922.0,223818.0
2002-02-26 00:00:00,1.6141,1.43475,834.0,978.0,2709.0,918.0,188814.0
2002-03-05 00:00:00,1.45967,1.25433,857.0,1117.0,3049.0,937.0,243078.0
2002-03-12 00:00:00,1.59896,1.25757,804.0,1179.0,2957.0,928.0,235136.0
2002-03-19 00:00:00,2.16697,1.58017,951.0,1404.0,3416.0,908.0,216179.0
2002-03-26 00:00:00,2.57842,1.98008,915.0,937.0,2857.0,865.0,144287.0
2002-04-02 00:00:00,2.38636,1.90428,1028.0,1019.0,3260.0,879.0,171193.0
2002-04-09 00:00:00,1.7362099999999998,1.5901,1068.0,1296.0,3729.0,926.0,234513.0
2002-04-16 00:00:00,2.06296,1.81559,1154.0,1798.0,4204.0,902.0,231550.0
2002-04-23 00:00:00,2.58113,2.41801,1373.0,2998.0,5696.0,927.0,235566.0
2002-04-30 00:00:00,2.93909,2.86635,1411.0,4064.0,7079.0,884.0,246969.0
2002-05-07 00:00:00,3.22539,3.16662,1606.0,4447.0,7782.0,889.0,245751.0
2002-05-14 00:00:00,3.06982,3.0155,1568.0,4224.0,7649.0,903.0,253656.0
2002-05-21 00:00:00,3.20044,2.9978,1694.0,3689.0,7228.0,871.0,241110.0
2002-05-28 00:00:00,2.44888,2.31957,1336.0,2583.0,5606.0,857.0,241683.0
2002-06-04 00:00:00,2.1344,1.94707,1015.0,2103.0,4450.0,839.0,228549.0
2002-06-11 00:00:00,1.99866,1.72985,880.0,1669.0,3810.0,835.0,220250.0
2002-06-18 00:00:00,1.93849,1.51837,737.0,1321.0,2987.0,795.0,196724.0
2002-06-25 00:00:00,1.41293,1.22616,624.0,1016.0,2439.0,775.0,198913.0
2002-07-02 00:00:00,1.23472,1.05433,506.0,846.0,2028.0,741.0,192349.0
2002-07-09 00:00:00,1.20005,1.07108,569.0,799.0,2082.0,735.0,194383.0
2002-07-16 00:00:00,0.910135,0.8261200000000001,440.0,539.0,1467.0,669.0,177577.0
2002-07-23 00:00:00,0.932265,0.8205049999999999,429.0,508.0,1445.0,682.0,176111.0
2002-07-30 00:00:00,0.692175,0.630846,275.0,444.0,1075.0,655.0,170406.0
2002-08-06 00:00:00,0.6694060000000001,0.63935,215.0,471.0,1005.0,613.0,157191.0
2002-08-13 00:00:00,0.727705,0.586609,248.0,283.0,836.0,547.0,142514.0
2002-08-20 00:00:00,0.717701,0.7730239999999999,264.0,262.0,740.0,406.0,95728.0
2002-08-27 00:00:00,0.7893939999999999,0.790743,213.0,205.0,641.0,393.0,81063.0
2002-09-03 00:00:00,0.722129,0.711847,201.0,195.0,563.0,344.0,79090.0
2002-09-10 00:00:00,0.591326,0.794637,198.0,187.0,620.0,341.0,78023.0
2002-09-17 00:00:00,0.52307,0.586604,139.0,123.0,423.0,322.0,72110.0
2002-09-24 00:00:00,0.4502359999999999,0.6159819999999999,122.0,124.0,441.0,322.0,71593.0
2002-10-01 00:00:00,0.397421,0.4915069999999999,109.0,91.0,318.0,310.0,64699.0
2002-10-08 00:00:00,0.4480020000000001,0.604341,137.0,141.0,441.0,308.0,72972.0
2002-10-15 00:00:00,0.474767,0.524478,98.0,98.0,365.0,301.0,69593.0
2002-10-22 00:00:00,0.453251,0.590692,112.0,139.0,420.0,302.0,71103.0
2002-10-29 00:00:00,0.3521579999999999,0.505135,100.0,120.0,361.0,290.0,71466.0
2002-11-05 00:00:00,0.5253220000000001,0.634271,136.0,125.0,443.0,295.0,69844.0
2002-11-12 00:00:00,0.492991,0.610118,120.0,131.0,421.0,283.0,69003.0
2002-11-19 00:00:00,0.542728,0.641227,159.0,144.0,450.0,277.0,70178.0
2002-11-26 00:00:00,0.490347,0.661429,166.0,155.0,463.0,276.0,70000.0
2002-12-03 00:00:00,0.7359140000000001,0.7926810000000001,177.0,182.0,519.0,271.0,65474.0
2002-12-10 00:00:00,0.581771,0.639059,145.0,184.0,475.0,267.0,74328.0
2002-12-17 00:00:00,0.654162,0.636732,136.0,183.0,461.0,264.0,72401.0
2002-12-24 00:00:00,0.749504,0.747829,135.0,221.0,533.0,268.0,71273.0
2002-12-31 00:00:00,0.884021,0.960873,808.0,881.0,2442.0,830.0,254144.0
2003-01-07 00:00:00,1.02773,1.04325,913.0,1132.0,2932.0,931.0,281045.0
2003-01-14 00:00:00,1.28296,1.0545,878.0,1147.0,3031.0,974.0,287436.0
2003-01-21 00:00:00,1.32661,1.11231,1006.0,1369.0,3475.0,1007.0,312412.0
2003-01-28 00:00:00,1.7730400000000002,1.41274,1207.0,2080.0,4690.0,1074.0,331980.0
2003-02-04 00:00:00,2.43814,1.7270299999999998,1542.0,2735.0,5790.0,1111.0,335258.0
2003-02-11 00:00:00,2.72605,2.407,2185.0,4133.0,8385.0,1141.0,348359.0
2003-02-18 00:00:00,3.73192,3.10962,2561.0,5684.0,11141.0,1129.0,358275.0
2003-02-25 00:00:00,4.54894,4.30779,3247.0,4933.0,11742.0,1118.0,272576.0
2003-03-04 00:00:00,5.39906,4.8303,4734.0,7817.0,18948.0,1189.0,392274.0
2003-03-11 00:00:00,7.38735,6.42905,6620.0,11550.0,24962.0,1173.0,388269.0
2003-03-18 00:00:00,7.48097,6.86734,6434.0,9851.0,23699.0,1148.0,345097.0
2003-03-25 00:00:00,7.627969999999999,7.064960000000001,5336.0,5231.0,16415.0,1122.0,232344.0
2003-04-01 00:00:00,5.14051,4.55115,3391.0,2894.0,11332.0,1139.0,248992.0
2003-04-08 00:00:00,2.89129,2.41833,1930.0,2299.0,7602.0,1160.0,314349.0
2003-04-15 00:00:00,2.10429,1.80906,1679.0,1857.0,5583.0,1141.0,308614.0
2003-04-22 00:00:00,1.88696,1.71202,1721.0,1604.0,4961.0,1084.0,289774.0
2003-04-29 00:00:00,1.7766,1.5425,1487.0,1543.0,4436.0,1071.0,287586.0
2003-05-06 00:00:00,1.46001,1.43787,1454.0,1448.0,4251.0,1054.0,295646.0
2003-05-13 00:00:00,1.3778700000000002,1.32427,1420.0,1297.0,3824.0,986.0,288762.0
2003-05-20 00:00:00,1.30532,1.30726,1301.0,1255.0,3691.0,1004.0,282347.0
2003-05-27 00:00:00,1.08691,1.03698,956.0,1038.0,2916.0,948.0,281202.0
2003-06-03 00:00:00,0.991888,1.01032,925.0,910.0,2744.0,894.0,271597.0
2003-06-10 00:00:00,1.02765,1.05249,878.0,888.0,2708.0,897.0,257294.0
2003-06-17 00:00:00,1.0579,1.02009,730.0,826.0,2487.0,849.0,243802.0
2003-06-24 00:00:00,0.849361,0.924419,760.0,733.0,2300.0,859.0,248805.0
2003-07-01 00:00:00,0.7471270000000001,0.7906449999999999,610.0,611.0,1858.0,828.0,234998.0
2003-07-08 00:00:00,0.661708,0.80261,583.0,566.0,1705.0,774.0,212432.0
2003-07-15 00:00:00,0.6795140000000001,0.8361299999999999,545.0,573.0,1749.0,755.0,209178.0
2003-07-22 00:00:00,0.633071,0.7924359999999999,501.0,511.0,1615.0,679.0,203802.0
2003-07-29 00:00:00,0.569894,0.683588,470.0,404.0,1331.0,658.0,194708.0
2003-08-05 00:00:00,0.591357,0.757452,435.0,491.0,1394.0,629.0,184038.0
2003-08-12 00:00:00,0.589044,0.7885850000000001,449.0,443.0,1327.0,599.0,168276.0
2003-08-19 00:00:00,0.6786399999999999,0.812171,451.0,380.0,1262.0,553.0,155386.0
2003-08-26 00:00:00,0.637558,0.804463,375.0,349.0,1070.0,463.0,133008.0
2003-09-02 00:00:00,0.8133090000000001,0.8777010000000001,391.0,308.0,1061.0,452.0,120884.0
2003-09-09 00:00:00,0.834551,0.741453,355.0,309.0,987.0,443.0,133117.0
2003-09-16 00:00:00,0.616174,0.661022,307.0,240.0,851.0,426.0,128740.0
2003-09-23 00:00:00,0.513286,0.715109,277.0,284.0,887.0,423.0,124037.0
2003-09-30 00:00:00,0.351881,0.562241,238.0,183.0,698.0,408.0,124146.0
2003-10-07 00:00:00,0.542621,0.786808,233.0,205.0,710.0,381.0,90238.0
2003-10-14 00:00:00,0.581036,0.860658,249.0,280.0,836.0,378.0,97135.0
2003-10-21 00:00:00,0.495486,0.689944,259.0,200.0,659.0,370.0,95515.0
2003-10-28 00:00:00,0.6120899999999999,0.779691,260.0,230.0,719.0,363.0,92216.0
2003-11-04 00:00:00,0.5314909999999999,0.6281439999999999,213.0,235.0,733.0,345.0,116693.0
2003-11-11 00:00:00,0.519987,0.902459,243.0,256.0,809.0,334.0,89644.0
2003-11-18 00:00:00,0.574476,0.806443,256.0,256.0,770.0,335.0,95481.0
2003-11-25 00:00:00,0.663175,0.8748879999999999,259.0,265.0,799.0,333.0,91326.0
2003-12-02 00:00:00,0.614691,0.993213,279.0,358.0,960.0,326.0,96656.0
2003-12-09 00:00:00,0.6568229999999999,0.876141,281.0,309.0,913.0,337.0,104207.0
2003-12-16 00:00:00,0.723016,0.948092,342.0,413.0,1122.0,341.0,118343.0
2003-12-23 00:00:00,0.6918569999999999,0.926943,322.0,416.0,1089.0,336.0,117483.0
2003-12-30 00:00:00,0.782758,0.971643,333.0,382.0,1116.0,364.0,114857.0
2004-01-06 00:00:00,0.982275,0.897159,877.0,1256.0,3171.0,1176.0,353449.0
2004-01-13 00:00:00,1.01821,1.0224799999999998,1071.0,1373.0,3631.0,1187.0,355116.0
2004-01-20 00:00:00,1.1768,1.06296,1240.0,1534.0,4019.0,1267.0,378094.0
2004-01-27 00:00:00,1.30121,1.14696,1190.0,1671.0,4369.0,1293.0,380921.0
2004-02-03 00:00:00,1.27746,1.20495,1327.0,1718.0,4551.0,1302.0,377692.0
2004-02-10 00:00:00,1.4038700000000002,1.3051700000000002,1497.0,1874.0,4969.0,1344.0,380718.0
2004-02-17 00:00:00,1.40301,1.28699,1531.0,1874.0,4983.0,1336.0,387182.0
2004-02-24 00:00:00,1.73975,1.59468,1490.0,1678.0,4713.0,1341.0,295546.0
2004-03-02 00:00:00,1.56894,1.39714,1538.0,2059.0,5407.0,1369.0,387004.0
2004-03-09 00:00:00,1.65927,1.44996,1551.0,2052.0,5428.0,1346.0,374356.0
2004-03-16 00:00:00,1.81341,1.61745,1670.0,2071.0,5755.0,1379.0,355806.0
2004-03-23 00:00:00,2.37626,2.19112,1856.0,1807.0,5689.0,1288.0,259639.0
2004-03-30 00:00:00,2.77052,2.56649,2252.0,1993.0,7279.0,1332.0,283617.0
2004-04-06 00:00:00,2.40064,2.17645,2010.0,2450.0,8041.0,1383.0,369455.0
2004-04-13 00:00:00,2.54155,2.20171,2188.0,2982.0,8323.0,1342.0,378024.0
2004-04-20 00:00:00,2.85871,2.53012,2199.0,3682.0,9328.0,1348.0,368678.0
2004-04-27 00:00:00,3.55011,3.06524,2747.0,5364.0,12422.0,1334.0,405254.0
2004-05-04 00:00:00,4.58591,3.98061,3086.0,7650.0,16192.0,1303.0,406772.0
2004-05-11 00:00:00,5.05809,4.5956800000000015,3626.0,8854.0,19369.0,1324.0,421461.0
2004-05-18 00:00:00,5.44151,4.75197,3834.0,8400.0,19931.0,1330.0,419426.0
2004-05-25 00:00:00,4.4729,4.17962,3720.0,6759.0,16630.0,1280.0,397883.0
2004-06-01 00:00:00,3.6752,3.45359,2997.0,5343.0,13234.0,1268.0,383196.0
2004-06-08 00:00:00,3.3353,3.15852,2728.0,4494.0,11601.0,1227.0,367292.0
2004-06-15 00:00:00,2.7622400000000003,2.6732,2416.0,3513.0,9502.0,1185.0,355454.0
2004-06-22 00:00:00,2.46844,2.35161,2145.0,2771.0,7900.0,1148.0,335940.0
2004-06-29 00:00:00,2.00081,1.89243,1827.0,2133.0,6329.0,1103.0,334438.0
2004-07-06 00:00:00,1.54319,1.5249,1422.0,1737.0,4816.0,1048.0,315823.0
2004-07-13 00:00:00,1.50195,1.41134,1356.0,1603.0,4445.0,1000.0,314948.0
2004-07-20 00:00:00,1.22918,1.25068,1096.0,1469.0,3825.0,978.0,305833.0
2004-07-27 00:00:00,1.21854,1.20702,1117.0,1411.0,3646.0,971.0,302065.0
2004-08-03 00:00:00,1.15832,1.07895,903.0,1136.0,2990.0,923.0,277120.0
2004-08-10 00:00:00,1.249,1.14521,979.0,1115.0,3012.0,878.0,263009.0
2004-08-17 00:00:00,1.16888,1.06124,805.0,926.0,2531.0,825.0,238494.0
2004-08-24 00:00:00,1.0788799999999998,1.0568,687.0,695.0,2056.0,687.0,194550.0
2004-08-31 00:00:00,1.23059,1.25193,693.0,678.0,2099.0,637.0,167661.0
2004-09-07 00:00:00,1.14747,1.01419,548.0,594.0,1744.0,603.0,171960.0
2004-09-14 00:00:00,1.00254,1.04197,573.0,507.0,1614.0,582.0,154899.0
2004-09-21 00:00:00,0.957569,0.954027,580.0,507.0,1628.0,587.0,170645.0
2004-09-28 00:00:00,0.8948370000000001,0.8482299999999999,497.0,452.0,1359.0,550.0,160216.0
2004-10-05 00:00:00,0.798205,0.841872,426.0,390.0,1198.0,533.0,142302.0
2004-10-12 00:00:00,0.757812,0.7308939999999999,389.0,361.0,1148.0,524.0,157068.0
2004-10-19 00:00:00,0.8259629999999999,0.713432,333.0,364.0,1068.0,507.0,149699.0
2004-10-26 00:00:00,0.744927,0.6706770000000001,328.0,327.0,990.0,492.0,147612.0
2004-11-02 00:00:00,0.787049,0.689278,331.0,326.0,982.0,488.0,142468.0
2004-11-09 00:00:00,0.684724,0.704929,319.0,350.0,1023.0,479.0,145121.0
2004-11-16 00:00:00,0.7473609999999999,0.615903,330.0,326.0,928.0,480.0,150673.0
2004-11-23 00:00:00,0.673974,0.609426,292.0,311.0,922.0,428.0,151290.0
2004-11-30 00:00:00,0.869662,0.6802590000000001,342.0,367.0,1033.0,420.0,151854.0
2004-12-07 00:00:00,0.8995290000000001,0.7754880000000001,338.0,396.0,1061.0,416.0,136817.0
2004-12-14 00:00:00,0.854635,0.6834210000000001,302.0,383.0,1026.0,408.0,150127.0
2004-12-21 00:00:00,1.01123,0.781075,368.0,516.0,1219.0,419.0,156067.0
2004-12-28 00:00:00,0.977808,0.8069430000000001,381.0,484.0,1204.0,447.0,149205.0
2005-01-04 00:00:00,1.1777799999999998,1.07635,1172.0,1256.0,3586.0,1113.0,333164.0
2005-01-11 00:00:00,1.21947,1.05869,1285.0,1247.0,3582.0,1160.0,338343.0
2005-01-18 00:00:00,1.3069,1.11523,1393.0,1525.0,4122.0,1216.0,369609.0
2005-01-25 00:00:00,1.33931,1.12381,1439.0,1599.0,4248.0,1237.0,377999.0
2005-02-01 00:00:00,1.58374,1.25489,1639.0,1894.0,5005.0,1280.0,398840.0
2005-02-08 00:00:00,1.47072,1.33661,1563.0,1929.0,5038.0,1272.0,376924.0
2005-02-15 00:00:00,1.6112,1.37864,1679.0,1951.0,5276.0,1277.0,382697.0
2005-02-22 00:00:00,1.82699,1.60829,1666.0,1593.0,4802.0,1301.0,298578.0
2005-03-01 00:00:00,1.77482,1.48311,1858.0,2176.0,5966.0,1325.0,402264.0
2005-03-08 00:00:00,1.94451,1.6537400000000002,1987.0,2463.0,6371.0,1328.0,385248.0
2005-03-15 00:00:00,2.35512,2.00679,2241.0,3063.0,7697.0,1318.0,383548.0
2005-03-22 00:00:00,3.10878,2.56857,2696.0,3058.0,8577.0,1287.0,333921.0
2005-03-29 00:00:00,3.2823800000000003,3.05278,2678.0,2561.0,8842.0,1273.0,289638.0
2005-04-05 00:00:00,2.62914,2.42504,2422.0,2366.0,8339.0,1319.0,343871.0
2005-04-12 00:00:00,2.2515,2.00195,2272.0,2921.0,7882.0,1339.0,393716.0
2005-04-19 00:00:00,2.35858,2.0586900000000004,2249.0,3150.0,7858.0,1297.0,381699.0
2005-04-26 00:00:00,2.41881,2.21277,2643.0,3646.0,9114.0,1331.0,411882.0
2005-05-03 00:00:00,2.52752,2.3222,2612.0,4153.0,9551.0,1320.0,411291.0
2005-05-10 00:00:00,2.64954,2.4927900000000003,2754.0,4593.0,10427.0,1311.0,418286.0
2005-05-17 00:00:00,3.12935,2.79489,2624.0,4979.0,11226.0,1288.0,401661.0
2005-05-24 00:00:00,3.12442,2.96911,2753.0,5284.0,11901.0,1288.0,400827.0
2005-05-31 00:00:00,3.13099,2.8395900000000003,2579.0,5008.0,11343.0,1275.0,399459.0
2005-06-07 00:00:00,3.08261,2.77799,2564.0,5106.0,11261.0,1257.0,405365.0
2005-06-14 00:00:00,2.64431,2.47287,2330.0,4154.0,9322.0,1241.0,376971.0
2005-06-21 00:00:00,2.42295,2.18061,1895.0,3709.0,8064.0,1217.0,369804.0
2005-06-28 00:00:00,2.31141,2.0168,1697.0,3393.0,7313.0,1165.0,362605.0
2005-07-05 00:00:00,1.86383,1.64101,1437.0,2660.0,5738.0,1133.0,349662.0
2005-07-12 00:00:00,1.44943,1.35829,1181.0,2014.0,4547.0,1087.0,334760.0
2005-07-19 00:00:00,1.30227,1.1428,959.0,1479.0,3550.0,1045.0,310641.0
2005-07-26 00:00:00,1.13459,1.04031,836.0,1382.0,3177.0,1017.0,305389.0
2005-08-02 00:00:00,1.06255,0.964347,745.0,1208.0,2780.0,958.0,288278.0
2005-08-09 00:00:00,1.03428,0.937982,745.0,1039.0,2592.0,919.0,276338.0
2005-08-16 00:00:00,1.01791,0.947449,715.0,969.0,2428.0,877.0,256267.0
2005-08-23 00:00:00,0.918151,0.891918,699.0,764.0,2061.0,783.0,231075.0
2005-08-30 00:00:00,0.93099,0.864643,572.0,561.0,1645.0,649.0,190252.0
2005-09-06 00:00:00,0.857294,0.97032,754.0,626.0,2075.0,635.0,213847.0
2005-09-13 00:00:00,0.7862939999999999,0.84439,514.0,447.0,1430.0,615.0,169353.0
2005-09-20 00:00:00,0.719426,0.77487,463.0,409.0,1300.0,610.0,167770.0
2005-09-27 00:00:00,0.7188680000000001,0.8213719999999999,466.0,390.0,1271.0,572.0,154741.0
2005-10-04 00:00:00,0.774807,0.8727450000000001,437.0,402.0,1215.0,565.0,139216.0
2005-10-11 00:00:00,0.76598,0.922635,549.0,511.0,1617.0,577.0,175259.0
2005-10-18 00:00:00,0.642809,0.899487,541.0,440.0,1553.0,564.0,172654.0
2005-10-25 00:00:00,0.622033,0.843082,502.0,403.0,1455.0,564.0,172581.0
2005-11-01 00:00:00,0.616326,0.8818239999999999,508.0,430.0,1428.0,551.0,161937.0
2005-11-08 00:00:00,0.6856939999999999,0.817145,473.0,435.0,1373.0,547.0,168024.0
2005-11-15 00:00:00,0.6226970000000001,0.8715,510.0,466.0,1457.0,536.0,167183.0
2005-11-22 00:00:00,0.611817,0.738621,404.0,379.0,1138.0,503.0,154071.0
2005-11-29 00:00:00,0.638831,0.797966,398.0,457.0,1224.0,488.0,153390.0
2005-12-06 00:00:00,0.8066270000000001,1.01394,492.0,506.0,1463.0,491.0,144289.0
2005-12-13 00:00:00,0.7624479999999999,0.880936,446.0,521.0,1406.0,487.0,159603.0
2005-12-20 00:00:00,0.8134060000000001,0.943366,511.0,534.0,1487.0,455.0,157627.0
2005-12-27 00:00:00,0.807934,0.891546,476.0,512.0,1433.0,469.0,160732.0
2006-01-03 00:00:00,1.15384,1.2032200000000002,1434.0,1699.0,4513.0,1323.0,375076.0
2006-01-10 00:00:00,1.14819,1.05788,1278.0,1602.0,4072.0,1361.0,384920.0
2006-01-17 00:00:00,1.22736,1.13054,1543.0,1830.0,4737.0,1425.0,419005.0
2006-01-24 00:00:00,1.21744,1.12552,1582.0,1996.0,4888.0,1445.0,434287.0
2006-01-31 00:00:00,1.32813,1.2080799999999998,1672.0,2270.0,5380.0,1473.0,445334.0
2006-02-07 00:00:00,1.47754,1.34952,2112.0,2393.0,6139.0,1497.0,454901.0
2006-02-14 00:00:00,1.5339,1.4689,2355.0,2681.0,6668.0,1474.0,453945.0
2006-02-21 00:00:00,1.91269,1.82767,2188.0,2202.0,6156.0,1488.0,336822.0
2006-02-28 00:00:00,1.838,1.6656,2573.0,2792.0,7530.0,1486.0,452089.0
2006-03-07 00:00:00,1.95376,1.85968,2643.0,3244.0,8122.0,1493.0,436741.0
2006-03-14 00:00:00,2.40407,2.38891,3270.0,4470.0,10396.0,1492.0,435177.0
2006-03-21 00:00:00,2.87453,2.78978,3387.0,4065.0,10192.0,1435.0,365334.0
2006-03-28 00:00:00,3.02597,3.1154900000000003,3243.0,2868.0,8913.0,1359.0,286087.0
2006-04-04 00:00:00,2.37817,2.26942,2927.0,2481.0,8386.0,1490.0,369521.0
2006-04-11 00:00:00,2.09232,1.86355,2507.0,2756.0,7761.0,1467.0,416464.0
2006-04-18 00:00:00,2.29396,1.99986,2548.0,3248.0,7909.0,1470.0,395477.0
2006-04-25 00:00:00,2.74501,2.4406,3410.0,4684.0,10888.0,1495.0,446119.0
2006-05-02 00:00:00,3.04434,2.83018,3456.0,5648.0,12120.0,1472.0,428241.0
2006-05-09 00:00:00,3.49999,3.12343,3840.0,6995.0,14197.0,1484.0,454533.0
2006-05-16 00:00:00,3.57851,3.27019,3879.0,6668.0,14031.0,1461.0,429057.0
2006-05-23 00:00:00,3.28979,3.17757,3728.0,6537.0,14048.0,1460.0,442099.0
2006-05-30 00:00:00,2.89149,2.72364,3016.0,5429.0,11801.0,1428.0,433281.0
2006-06-06 00:00:00,2.62075,2.50201,2798.0,4937.0,10715.0,1408.0,428255.0
2006-06-13 00:00:00,2.5338700000000003,2.4272,2668.0,4031.0,9597.0,1361.0,395394.0
2006-06-20 00:00:00,2.07251,1.96041,2049.0,3307.0,7562.0,1333.0,385735.0
2006-06-27 00:00:00,1.87084,1.5914,1664.0,2508.0,6148.0,1303.0,386327.0
2006-07-04 00:00:00,1.40042,1.36978,1445.0,1803.0,4958.0,1284.0,361955.0
2006-07-11 00:00:00,1.46887,1.36317,1429.0,1821.0,4869.0,1240.0,357183.0
2006-07-18 00:00:00,1.15514,1.1737,1257.0,1523.0,4179.0,1206.0,356055.0
2006-07-25 00:00:00,1.07901,1.06358,1152.0,1386.0,3695.0,1152.0,347413.0
2006-08-01 00:00:00,0.98492,0.969711,969.0,1143.0,3077.0,1119.0,317311.0
2006-08-08 00:00:00,1.03325,0.965362,917.0,1055.0,2860.0,1057.0,296262.0
2006-08-15 00:00:00,0.926649,0.856749,815.0,861.0,2442.0,1025.0,285031.0
2006-08-22 00:00:00,0.9201,0.863346,761.0,785.0,2243.0,925.0,259803.0
2006-08-29 00:00:00,0.954094,0.93537,722.0,652.0,2058.0,831.0,220020.0
2006-09-05 00:00:00,0.763278,0.7455689999999999,628.0,510.0,1679.0,796.0,225197.0
2006-09-12 00:00:00,0.81722,0.740428,598.0,469.0,1614.0,771.0,217982.0
2006-09-19 00:00:00,0.764586,0.6728970000000001,521.0,441.0,1456.0,749.0,216378.0
2006-09-26 00:00:00,0.793127,0.6662819999999999,514.0,408.0,1455.0,742.0,218376.0
2006-10-03 00:00:00,0.66909,0.662747,394.0,360.0,1169.0,711.0,176387.0
2006-10-10 00:00:00,0.62115,0.545619,366.0,372.0,1086.0,697.0,199040.0
2006-10-17 00:00:00,0.6036590000000001,0.5862310000000001,446.0,345.0,1211.0,698.0,206574.0
2006-10-24 00:00:00,0.649058,0.660687,477.0,392.0,1356.0,691.0,205241.0
2006-10-31 00:00:00,0.568338,0.534093,321.0,311.0,1037.0,677.0,194161.0
2006-11-07 00:00:00,0.651546,0.585549,389.0,385.0,1172.0,667.0,200154.0
2006-11-14 00:00:00,0.652176,0.618075,439.0,411.0,1283.0,666.0,207580.0
2006-11-21 00:00:00,0.8038489999999999,0.687465,495.0,457.0,1448.0,671.0,210629.0
2006-11-28 00:00:00,0.787458,0.715696,502.0,500.0,1526.0,652.0,213219.0
2006-12-05 00:00:00,0.943263,0.829313,519.0,545.0,1554.0,641.0,187384.0
2006-12-12 00:00:00,0.946932,0.800912,496.0,682.0,1694.0,638.0,211509.0
2006-12-19 00:00:00,0.987146,0.918484,609.0,681.0,1913.0,632.0,208278.0
2006-12-26 00:00:00,1.05206,0.8142590000000001,729.0,788.0,2228.0,703.0,273623.0
2007-01-02 00:00:00,0.995184,1.07197,2187.0,1997.0,5641.0,1373.0,526227.0
2007-01-09 00:00:00,1.22003,1.21786,2387.0,2433.0,6444.0,1429.0,529126.0
2007-01-16 00:00:00,1.28548,1.24576,2583.0,2551.0,6941.0,1449.0,557172.0
2007-01-23 00:00:00,1.3775,1.35984,2871.0,2788.0,7434.0,1477.0,546680.0
2007-01-30 00:00:00,1.46725,1.44671,3074.0,2998.0,7915.0,1485.0,547104.0
2007-02-06 00:00:00,1.55841,1.53286,3398.0,3303.0,8687.0,1539.0,566717.0
2007-02-13 00:00:00,1.61958,1.6665299999999998,3563.0,3290.0,9104.0,1516.0,546284.0
2007-02-20 00:00:00,1.8112,1.97488,3651.0,2631.0,8570.0,1523.0,433951.0
2007-02-27 00:00:00,1.61865,1.67305,3679.0,3158.0,9171.0,1513.0,548159.0
2007-03-06 00:00:00,1.62124,1.63405,3365.0,2907.0,8436.0,1487.0,516263.0
2007-03-13 00:00:00,1.6735099999999998,1.74595,3298.0,2694.0,8091.0,1453.0,463416.0
2007-03-20 00:00:00,1.95096,1.93643,3580.0,2724.0,8750.0,1420.0,451862.0
2007-03-27 00:00:00,2.5001900000000004,2.48905,3848.0,2348.0,8902.0,1426.0,357646.0
2007-04-03 00:00:00,2.43939,2.25405,3737.0,2568.0,9706.0,1486.0,430603.0
2007-04-10 00:00:00,2.29319,2.09147,3393.0,3644.0,11115.0,1509.0,531444.0
2007-04-17 00:00:00,2.62907,2.35934,3664.0,4900.0,12197.0,1511.0,516966.0
2007-04-24 00:00:00,3.92966,3.32331,4289.0,7661.0,17171.0,1508.0,516683.0
2007-05-01 00:00:00,4.99202,4.43381,5222.0,11974.0,24812.0,1514.0,559609.0
2007-05-08 00:00:00,5.7776,5.34547,6059.0,15323.0,31896.0,1526.0,596692.0
2007-05-15 00:00:00,5.98318,5.42258,6244.0,14336.0,31625.0,1518.0,583210.0
2007-05-22 00:00:00,5.61677,5.3030300000000015,5922.0,12783.0,30245.0,1497.0,570334.0
2007-05-29 00:00:00,4.5323400000000005,4.24456,4978.0,9958.0,25027.0,1453.0,589626.0
2007-06-05 00:00:00,3.83249,3.628,4420.0,7849.0,20254.0,1445.0,558269.0
2007-06-12 00:00:00,3.21522,3.03463,3878.0,6112.0,16714.0,1412.0,550776.0
2007-06-19 00:00:00,2.69245,2.53595,3153.0,4493.0,13040.0,1395.0,514205.0
2007-06-26 00:00:00,2.03366,2.0573,2689.0,3395.0,10376.0,1379.0,504350.0
2007-07-03 00:00:00,1.65275,1.7415,2372.0,2697.0,8583.0,1327.0,492850.0
2007-07-10 00:00:00,1.3113,1.40652,2045.0,2354.0,7045.0,1318.0,500881.0
2007-07-17 00:00:00,1.1652,1.26861,1857.0,2013.0,6079.0,1288.0,479187.0
2007-07-24 00:00:00,1.02035,1.07719,1572.0,1713.0,4953.0,1208.0,459808.0
2007-07-31 00:00:00,0.877607,0.993445,1466.0,1416.0,4224.0,1147.0,425187.0
2007-08-07 00:00:00,0.8251069999999999,0.911212,1356.0,1381.0,4011.0,1098.0,440183.0
2007-08-14 00:00:00,0.787315,0.972109,1439.0,1274.0,3904.0,1074.0,401601.0
2007-08-21 00:00:00,0.805439,0.993258,1393.0,1116.0,3646.0,945.0,367075.0
2007-08-28 00:00:00,0.8860610000000001,1.09132,1473.0,1083.0,3803.0,869.0,348477.0
2007-09-04 00:00:00,0.743743,0.888446,1159.0,906.0,2933.0,789.0,330127.0
2007-09-11 00:00:00,0.706842,0.887691,1113.0,886.0,2906.0,764.0,327366.0
2007-09-18 00:00:00,0.655943,0.883187,1115.0,855.0,2842.0,755.0,321789.0
2007-09-25 00:00:00,0.633492,0.8267559999999999,937.0,810.0,2534.0,730.0,306499.0
2007-10-02 00:00:00,0.571837,0.783201,913.0,762.0,2405.0,713.0,307073.0
2007-10-09 00:00:00,0.5582779999999999,0.78061,881.0,749.0,2431.0,710.0,311423.0
2007-10-16 00:00:00,0.597893,0.769073,826.0,703.0,2319.0,696.0,301532.0
2007-10-23 00:00:00,0.577222,0.721298,779.0,704.0,2166.0,694.0,300292.0
2007-10-30 00:00:00,0.5969869999999999,0.7525270000000001,788.0,763.0,2289.0,676.0,304175.0
2007-11-06 00:00:00,0.564653,0.752721,679.0,706.0,2220.0,668.0,294930.0
2007-11-13 00:00:00,0.5856819999999999,0.792766,789.0,745.0,2368.0,657.0,298701.0
2007-11-20 00:00:00,0.503985,0.743896,730.0,754.0,2237.0,657.0,300714.0
2007-11-27 00:00:00,0.468139,0.814166,794.0,892.0,2429.0,636.0,298342.0
2007-12-04 00:00:00,0.576455,0.8384010000000001,774.0,880.0,2461.0,666.0,293535.0
2007-12-11 00:00:00,0.681361,0.851124,859.0,994.0,2788.0,685.0,327567.0
2007-12-18 00:00:00,0.794764,1.10976,1062.0,1527.0,3735.0,679.0,336560.0
2007-12-25 00:00:00,0.868116,1.03114,983.0,1306.0,3400.0,716.0,329731.0
2008-01-01 00:00:00,1.06828,1.02284,1535.0,2352.0,5687.0,1435.0,555999.0
2008-01-08 00:00:00,1.00756,1.03017,1861.0,2291.0,5959.0,1500.0,578446.0
2008-01-15 00:00:00,0.979399,1.01245,1869.0,2219.0,5896.0,1525.0,582351.0
2008-01-22 00:00:00,1.04943,1.08359,1976.0,2474.0,6485.0,1527.0,598473.0
2008-01-29 00:00:00,1.13218,1.1657799999999998,2119.0,2547.0,6987.0,1545.0,599343.0
2008-02-05 00:00:00,1.13156,1.1913,2276.0,2668.0,7297.0,1555.0,612526.0
2008-02-12 00:00:00,1.15469,1.28075,2512.0,2854.0,7667.0,1555.0,598635.0
2008-02-19 00:00:00,1.20448,1.27053,2600.0,2828.0,7733.0,1563.0,608646.0
2008-02-26 00:00:00,1.36081,1.59578,3024.0,2412.0,7634.0,1523.0,478386.0
2008-03-04 00:00:00,1.30322,1.4585,3114.0,2913.0,8708.0,1551.0,597052.0
2008-03-11 00:00:00,1.30204,1.49921,3252.0,3024.0,8689.0,1543.0,579573.0
2008-03-18 00:00:00,1.45109,1.62982,3137.0,2579.0,7812.0,1416.0,479318.0
2008-03-25 00:00:00,1.79927,2.15561,3897.0,2367.0,8706.0,1484.0,403876.0
2008-04-01 00:00:00,2.12134,2.02053,3814.0,2042.0,8603.0,1490.0,425780.0
2008-04-08 00:00:00,1.47138,1.54566,3245.0,2548.0,8956.0,1539.0,579428.0
2008-04-15 00:00:00,1.61555,1.64224,3142.0,3345.0,9289.0,1512.0,565631.0
2008-04-22 00:00:00,1.95333,1.96524,3602.0,4597.0,11456.0,1566.0,582932.0
2008-04-29 00:00:00,2.4290700000000003,2.34368,4039.0,6602.0,14324.0,1554.0,611176.0
2008-05-06 00:00:00,2.96686,2.86057,4606.0,8882.0,18268.0,1580.0,638613.0
2008-05-13 00:00:00,3.57354,3.3421,5064.0,11215.0,21667.0,1569.0,648304.0
2008-05-20 00:00:00,3.3665300000000005,3.20566,4848.0,9851.0,20022.0,1543.0,624583.0
2008-05-27 00:00:00,3.2962,3.10049,4694.0,10092.0,20450.0,1544.0,659573.0
2008-06-03 00:00:00,3.17227,2.95819,4420.0,9116.0,18441.0,1534.0,623389.0
2008-06-10 00:00:00,2.5804,2.46381,4046.0,7446.0,15711.0,1524.0,637672.0
2008-06-17 00:00:00,2.42922,2.19272,3657.0,6036.0,13277.0,1494.0,605503.0
2008-06-24 00:00:00,1.99028,1.87395,3237.0,5052.0,11400.0,1470.0,608342.0
2008-07-01 00:00:00,1.72423,1.64817,2829.0,4283.0,9669.0,1440.0,586651.0
2008-07-08 00:00:00,1.60355,1.49878,2577.0,3407.0,8460.0,1422.0,564460.0
2008-07-15 00:00:00,1.28418,1.29233,2371.0,2761.0,7222.0,1415.0,558837.0
2008-07-22 00:00:00,1.2932,1.27164,2353.0,2855.0,7348.0,1445.0,577836.0
2008-07-29 00:00:00,2.74012,2.98159,4821.0,8043.0,18627.0,1405.0,624734.0
2008-08-05 00:00:00,2.22391,2.43702,3920.0,6221.0,14578.0,1422.0,598189.0
2008-08-12 00:00:00,1.76657,2.2813,3236.0,5888.0,12554.0,1372.0,550300.0
2008-08-19 00:00:00,1.92171,3.81572,4188.0,12026.0,20774.0,1331.0,544432.0
2008-08-26 00:00:00,1.8611,4.21315,4496.0,12461.0,22394.0,1314.0,531526.0
2008-09-02 00:00:00,1.68423,3.1783200000000003,3865.0,8615.0,17105.0,1305.0,538177.0
2008-09-09 00:00:00,1.7393,2.50972,3072.0,5660.0,12392.0,1296.0,493761.0
2008-09-16 00:00:00,1.83001,2.06632,2623.0,4740.0,10780.0,1280.0,521701.0
2008-09-23 00:00:00,1.58128,1.71805,2299.0,3700.0,8801.0,1279.0,512268.0
2008-09-30 00:00:00,1.4917200000000002,1.55965,2145.0,2893.0,7422.0,1237.0,475877.0
2008-10-07 00:00:00,1.389,1.30856,1701.0,2481.0,6290.0,1246.0,480680.0
2008-10-14 00:00:00,1.34702,1.18695,1581.0,2437.0,5964.0,1248.0,502466.0
2008-10-21 00:00:00,1.16056,1.13796,1608.0,2285.0,5735.0,1248.0,503971.0
2008-10-28 00:00:00,1.2085,1.15005,1519.0,2199.0,5587.0,1254.0,485804.0
2008-11-04 00:00:00,1.15544,1.1126200000000002,1651.0,2082.0,5526.0,1230.0,496666.0
2008-11-11 00:00:00,1.14518,1.16142,1645.0,2321.0,5877.0,1234.0,506019.0
2008-11-18 00:00:00,1.4664,1.64107,2167.0,4210.0,8941.0,1286.0,544827.0
2008-11-25 00:00:00,2.38017,2.47166,2883.0,8253.0,14556.0,1320.0,588916.0
2008-12-02 00:00:00,3.44681,3.71969,3713.0,13114.0,21350.0,1358.0,573972.0
2008-12-09 00:00:00,4.05315,3.94975,4087.0,13407.0,22561.0,1367.0,571201.0
2008-12-16 00:00:00,4.26621,4.08756,4445.0,15326.0,26091.0,1380.0,638302.0
2008-12-23 00:00:00,4.21579,4.01897,4462.0,14152.0,24454.0,1313.0,608464.0
2008-12-30 00:00:00,4.8861,4.603619999999999,4974.0,16291.0,27919.0,1331.0,606458.0
2009-01-06 00:00:00,6.06923,5.66087,9302.0,27406.0,48420.0,2056.0,855346.0
2009-01-13 00:00:00,7.09467,6.81522,11527.0,32585.0,58196.0,2134.0,853912.0
2009-01-20 00:00:00,7.7151,7.618889999999999,13187.0,39364.0,69068.0,2162.0,906536.0
2009-01-27 00:00:00,7.55134,7.38836,13174.0,36860.0,66411.0,2167.0,898860.0
2009-02-03 00:00:00,6.6711800000000006,6.33927,12161.0,30860.0,57017.0,2197.0,899425.0
2009-02-10 00:00:00,5.20633,4.94349,10151.0,21112.0,42729.0,2191.0,864348.0
2009-02-17 00:00:00,4.04477,3.80996,8979.0,14652.0,32520.0,2157.0,853552.0
2009-02-24 00:00:00,3.49722,3.44106,7716.0,8237.0,22508.0,2146.0,654101.0
2009-03-03 00:00:00,2.69023,2.66773,7195.0,7988.0,21730.0,2122.0,814550.0
2009-03-10 00:00:00,2.47119,2.47183,6490.0,7218.0,19325.0,2093.0,781811.0
2009-03-17 00:00:00,2.44773,2.345,6275.0,5785.0,17081.0,2014.0,728401.0
2009-03-24 00:00:00,2.64594,2.71435,6078.0,4127.0,14575.0,1934.0,536961.0
2009-03-31 00:00:00,2.61567,2.67667,6598.0,3726.0,15613.0,1937.0,583299.0
2009-04-07 00:00:00,1.90712,1.98284,4998.0,3961.0,14299.0,1996.0,721138.0
2009-04-14 00:00:00,1.86738,1.82749,4877.0,4614.0,14088.0,2016.0,770895.0
2009-04-21 00:00:00,1.88072,1.92606,5399.0,5079.0,14757.0,2053.0,766177.0
2009-04-28 00:00:00,1.96908,1.92495,5333.0,5655.0,15122.0,2026.0,785580.0
2009-05-05 00:00:00,2.11387,2.08877,5816.0,6142.0,16037.0,1996.0,767773.0
2009-05-12 00:00:00,2.09695,2.0343400000000003,5496.0,5577.0,15381.0,1977.0,756068.0
2009-05-19 00:00:00,1.90294,1.97649,5388.0,5536.0,15065.0,1954.0,762208.0
2009-05-26 00:00:00,1.96951,1.99362,5040.0,6207.0,16087.0,1990.0,806925.0
2009-06-02 00:00:00,1.92331,1.85383,4281.0,5685.0,14486.0,1953.0,781411.0
2009-06-09 00:00:00,1.89659,1.8673,4612.0,5270.0,14354.0,1946.0,768702.0
2009-06-16 00:00:00,1.75181,1.69987,4063.0,4466.0,12601.0,1933.0,741293.0
2009-06-23 00:00:00,1.52632,1.49741,3625.0,4108.0,11191.0,1917.0,747358.0
2009-06-30 00:00:00,1.4957200000000002,1.45112,3408.0,3733.0,10359.0,1875.0,713863.0
2009-07-07 00:00:00,1.2231299999999998,1.20715,3090.0,2933.0,8813.0,1850.0,730068.0
2009-07-14 00:00:00,1.17754,1.17415,3117.0,3110.0,8801.0,1831.0,749563.0
2009-07-21 00:00:00,1.09112,1.1620700000000002,2921.0,3044.0,8362.0,1765.0,719580.0
2009-07-28 00:00:00,1.11958,1.17213,3081.0,2972.0,8440.0,1755.0,720054.0
2009-08-04 00:00:00,1.08169,1.12168,2781.0,2901.0,7914.0,1710.0,705551.0
2009-08-11 00:00:00,1.12497,1.14981,2851.0,2645.0,7697.0,1664.0,669414.0
2009-08-18 00:00:00,1.06197,1.1332799999999998,2816.0,2553.0,7603.0,1624.0,670887.0
2009-08-25 00:00:00,1.08909,1.08171,2636.0,2188.0,6853.0,1497.0,633532.0
2009-09-01 00:00:00,1.1776,1.19959,2413.0,2172.0,6595.0,1421.0,549773.0
2009-09-08 00:00:00,0.97493,0.952808,2147.0,1831.0,5755.0,1435.0,604004.0
2009-09-15 00:00:00,0.987132,0.916032,1975.0,1784.0,5316.0,1405.0,580329.0
2009-09-22 00:00:00,0.995991,0.926582,2027.0,1779.0,5334.0,1384.0,575664.0
2009-09-29 00:00:00,0.904726,0.8696200000000001,1754.0,1541.0,4718.0,1347.0,542536.0
2009-10-06 00:00:00,0.941927,0.903133,1753.0,1566.0,4691.0,1353.0,519414.0
2009-10-13 00:00:00,0.880415,0.773776,1458.0,1450.0,4234.0,1284.0,547187.0
2009-10-20 00:00:00,0.842615,0.7427739999999999,1323.0,1335.0,3950.0,1265.0,531790.0
2009-10-27 00:00:00,0.858382,0.730934,1290.0,1279.0,3850.0,1250.0,526723.0
2009-11-03 00:00:00,0.83383,0.786882,1381.0,1357.0,4077.0,1241.0,518121.0
2009-11-10 00:00:00,0.8474370000000001,0.763051,1378.0,1307.0,4008.0,1212.0,525260.0
2009-11-17 00:00:00,0.888273,0.841043,1485.0,1592.0,4518.0,1225.0,537190.0
2009-11-24 00:00:00,0.765372,0.791573,1520.0,1592.0,4420.0,1235.0,558382.0
2009-12-01 00:00:00,0.91858,0.912732,1564.0,1866.0,5007.0,1170.0,548573.0
2009-12-08 00:00:00,1.01432,1.03398,1850.0,1959.0,5493.0,1198.0,531250.0
2009-12-15 00:00:00,1.01233,0.934009,1720.0,2118.0,5510.0,1210.0,589930.0
2009-12-22 00:00:00,1.11803,1.08189,2134.0,2510.0,6741.0,1206.0,623077.0
2009-12-29 00:00:00,1.11806,1.06563,1995.0,2383.0,6387.0,1254.0,599366.0
2010-01-05 00:00:00,1.10939,1.13505,2627.0,3142.0,8473.0,1838.0,746485.0
2010-01-12 00:00:00,1.24341,1.25256,2953.0,3522.0,9347.0,1875.0,746230.0
2010-01-19 00:00:00,1.25726,1.2457,3044.0,3641.0,9684.0,1907.0,777397.0
2010-01-26 00:00:00,1.25734,1.26774,3226.0,3822.0,9904.0,1929.0,781234.0
2010-02-02 00:00:00,1.43414,1.43723,3451.0,4397.0,11020.0,1947.0,766753.0
2010-02-09 00:00:00,1.5183799999999998,1.53341,3927.0,4679.0,11807.0,1940.0,769982.0
2010-02-16 00:00:00,1.61617,1.69445,4416.0,5322.0,13336.0,1921.0,787038.0
2010-02-23 00:00:00,1.84378,1.9915,4598.0,4145.0,12079.0,1938.0,606527.0
2010-03-02 00:00:00,1.72535,1.81305,5045.0,4978.0,13997.0,1964.0,772016.0
2010-03-09 00:00:00,1.87923,2.01426,5060.0,5867.0,14958.0,1936.0,742606.0
2010-03-16 00:00:00,2.3371,2.5565900000000004,6300.0,7194.0,18022.0,1916.0,704923.0
2010-03-23 00:00:00,3.03533,3.38185,7295.0,7071.0,19899.0,1840.0,588406.0
2010-03-30 00:00:00,3.136,3.43172,7478.0,5764.0,20346.0,1887.0,592880.0
2010-04-06 00:00:00,2.53336,2.69151,6584.0,6342.0,20026.0,1923.0,744043.0
2010-04-13 00:00:00,2.91288,2.91063,6238.0,7773.0,20721.0,1921.0,711908.0
2010-04-20 00:00:00,3.44497,3.49232,7247.0,11243.0,26257.0,1964.0,751850.0
2010-04-27 00:00:00,4.16185,4.0037,8007.0,15291.0,31975.0,1947.0,798637.0
2010-05-04 00:00:00,4.55159,4.43534,8195.0,16366.0,34284.0,1970.0,772974.0
2010-05-11 00:00:00,4.46504,4.24215,8036.0,16516.0,34456.0,1961.0,812230.0
2010-05-18 00:00:00,4.55124,4.39719,8172.0,17493.0,36567.0,1910.0,831600.0
2010-05-25 00:00:00,4.0822,3.90256,7839.0,13718.0,31277.0,1908.0,801449.0
2010-06-01 00:00:00,3.38812,3.15073,6376.0,10496.0,24627.0,1860.0,781629.0
2010-06-08 00:00:00,2.99142,2.72422,5691.0,8427.0,20377.0,1829.0,747993.0
2010-06-15 00:00:00,2.61542,2.33336,5363.0,6702.0,17309.0,1823.0,741807.0
2010-06-22 00:00:00,2.09065,1.925,4400.0,5489.0,14031.0,1790.0,728883.0
2010-06-29 00:00:00,1.86146,1.75243,4189.0,5025.0,12957.0,1770.0,739375.0
2010-07-06 00:00:00,1.61377,1.57704,3701.0,4557.0,11498.0,1723.0,729089.0
2010-07-13 00:00:00,1.42199,1.35766,3164.0,3562.0,9391.0,1681.0,691707.0
2010-07-20 00:00:00,1.3382,1.31223,3139.0,3064.0,8695.0,1651.0,662612.0
2010-07-27 00:00:00,1.19995,1.14937,2895.0,2673.0,7830.0,1612.0,681240.0
2010-08-03 00:00:00,1.14889,1.11451,2532.0,2553.0,7307.0,1585.0,655627.0
2010-08-10 00:00:00,1.12194,1.10984,2551.0,2595.0,7236.0,1556.0,651983.0
2010-08-17 00:00:00,1.06712,1.0524,2353.0,2280.0,6530.0,1516.0,620485.0
2010-08-24 00:00:00,1.0505799999999998,1.03536,2213.0,2110.0,6072.0,1381.0,586460.0
2010-08-31 00:00:00,1.15203,1.1177700000000002,2249.0,1980.0,5946.0,1357.0,531954.0
2010-09-07 00:00:00,0.970975,0.982949,2040.0,1760.0,5547.0,1296.0,564322.0
2010-09-14 00:00:00,0.894683,0.925194,1812.0,1599.0,4989.0,1279.0,539238.0
2010-09-21 00:00:00,0.843568,0.8355309999999999,1604.0,1422.0,4448.0,1251.0,532356.0
2010-09-28 00:00:00,0.815409,0.832393,1472.0,1462.0,4218.0,1225.0,506732.0
2010-10-05 00:00:00,0.823052,0.855591,1423.0,1269.0,4009.0,1211.0,468565.0
2010-10-12 00:00:00,0.674635,0.7069489999999999,1255.0,1206.0,3721.0,1220.0,526346.0
2010-10-19 00:00:00,0.631883,0.694387,1243.0,1184.0,3597.0,1203.0,518011.0
2010-10-26 00:00:00,0.641513,0.687976,1251.0,1188.0,3538.0,1179.0,514262.0
2010-11-02 00:00:00,0.529813,0.6447430000000001,1088.0,1125.0,3202.0,1175.0,496632.0
2010-11-09 00:00:00,0.644089,0.67533,1207.0,1223.0,3523.0,1175.0,521671.0
2010-11-16 00:00:00,0.667718,0.72823,1342.0,1358.0,3874.0,1191.0,531975.0
2010-11-23 00:00:00,0.7056680000000001,0.8065260000000001,1505.0,1600.0,4444.0,1195.0,551005.0
2010-11-30 00:00:00,0.8041550000000001,0.860408,1528.0,1781.0,4717.0,1200.0,548228.0
2010-12-07 00:00:00,0.907804,0.936075,1622.0,1809.0,4813.0,1184.0,514168.0
2010-12-14 00:00:00,1.00555,0.966683,1788.0,2206.0,5567.0,1196.0,575887.0
2010-12-21 00:00:00,1.03601,0.996007,1816.0,2264.0,5822.0,1201.0,584534.0
2010-12-28 00:00:00,1.0758299999999998,1.10846,2248.0,2514.0,6708.0,1213.0,605162.0
2011-01-04 00:00:00,1.1609200000000002,1.20345,3106.0,3485.0,9365.0,1850.0,778182.0
2011-01-11 00:00:00,1.19785,1.23777,3317.0,3667.0,9803.0,1883.0,791987.0
2011-01-18 00:00:00,1.27926,1.25259,3324.0,3837.0,9958.0,1905.0,794995.0
2011-01-25 00:00:00,1.29194,1.30546,3453.0,4035.0,10298.0,1900.0,788840.0
2011-02-01 00:00:00,1.42824,1.45295,3634.0,4658.0,11396.0,1925.0,784334.0
2011-02-08 00:00:00,1.39803,1.44089,3949.0,4348.0,11496.0,1946.0,797839.0
2011-02-15 00:00:00,1.45831,1.46221,3923.0,4361.0,11721.0,1900.0,801594.0
2011-02-22 00:00:00,1.56548,1.65573,4125.0,3340.0,10377.0,1918.0,626731.0
2011-03-01 00:00:00,1.34313,1.46606,4237.0,3955.0,11479.0,1904.0,782984.0
2011-03-08 00:00:00,1.48139,1.51811,3995.0,4040.0,11187.0,1898.0,736905.0
2011-03-15 00:00:00,1.63398,1.66429,4579.0,4097.0,12137.0,1872.0,729258.0
2011-03-22 00:00:00,1.83126,1.85274,5016.0,3535.0,11958.0,1851.0,645424.0
2011-03-29 00:00:00,2.10451,2.12413,5243.0,3184.0,12356.0,1821.0,581697.0
2011-04-05 00:00:00,1.73625,1.76709,4514.0,3393.0,11992.0,1891.0,678631.0
2011-04-12 00:00:00,1.55066,1.5434,4059.0,3636.0,11543.0,1883.0,747894.0
2011-04-19 00:00:00,1.62891,1.64762,4364.0,4030.0,11939.0,1887.0,724623.0
2011-04-26 00:00:00,1.7603799999999998,1.6843,4766.0,4802.0,13209.0,1891.0,784244.0
2011-05-03 00:00:00,1.92728,1.86354,5218.0,5336.0,14448.0,1885.0,775298.0
2011-05-10 00:00:00,1.91994,1.86408,5028.0,5555.0,14624.0,1875.0,784516.0
2011-05-17 00:00:00,2.09951,2.01839,5277.0,5994.0,15929.0,1884.0,789193.0
2011-05-24 00:00:00,2.23973,2.10385,5246.0,5990.0,16137.0,1853.0,767022.0
2011-05-31 00:00:00,2.21921,2.09555,5219.0,6239.0,16518.0,1826.0,788242.0
2011-06-07 00:00:00,2.16693,2.10398,4811.0,6493.0,15763.0,1816.0,749198.0
2011-06-14 00:00:00,2.38913,2.2941,5175.0,6768.0,17150.0,1819.0,747570.0
2011-06-21 00:00:00,1.96466,1.92223,4422.0,5683.0,14524.0,1780.0,755579.0
2011-06-28 00:00:00,1.84229,1.74239,3807.0,5256.0,13017.0,1753.0,747079.0
2011-07-05 00:00:00,1.68674,1.6760099999999998,3582.0,4631.0,11930.0,1729.0,711808.0
2011-07-12 00:00:00,1.53136,1.49637,3253.0,4059.0,10732.0,1707.0,717202.0
2011-07-19 00:00:00,1.37912,1.38202,3001.0,4020.0,10123.0,1699.0,732480.0
2011-07-26 00:00:00,1.29515,1.28926,2638.0,3802.0,9370.0,1675.0,726772.0
2011-08-02 00:00:00,1.39521,1.3580299999999998,2509.0,3671.0,8999.0,1564.0,662649.0
2011-08-09 00:00:00,1.32522,1.30833,2524.0,3468.0,8576.0,1546.0,655492.0
2011-08-16 00:00:00,1.23059,1.26692,2465.0,3087.0,8062.0,1503.0,636347.0
2011-08-23 00:00:00,1.2302799999999998,1.27731,2545.0,3011.0,7878.0,1415.0,616765.0
2011-08-30 00:00:00,1.2687700000000002,1.2991,2480.0,2601.0,7153.0,1409.0,550614.0
2011-09-06 00:00:00,1.10782,1.16297,2336.0,2352.0,6765.0,1365.0,581700.0
2011-09-13 00:00:00,1.09559,1.08612,2231.0,2024.0,6133.0,1289.0,564670.0
2011-09-20 00:00:00,1.11031,1.0568,2259.0,1974.0,6048.0,1295.0,572296.0
2011-09-27 00:00:00,1.10616,1.07871,2168.0,1850.0,5786.0,1260.0,536380.0
2011-10-04 00:00:00,1.10816,1.04662,1911.0,1706.0,5291.0,1271.0,505533.0
2011-10-11 00:00:00,0.999444,0.928152,1913.0,1751.0,5185.0,1240.0,558637.0
2011-10-18 00:00:00,0.924199,0.901936,1818.0,1640.0,4931.0,1223.0,546713.0
2011-10-25 00:00:00,0.949257,0.915356,1752.0,1721.0,5103.0,1250.0,557488.0
2011-11-01 00:00:00,0.978903,0.952548,1728.0,1706.0,5159.0,1240.0,541600.0
2011-11-08 00:00:00,0.925024,0.916661,1660.0,1718.0,5026.0,1248.0,548294.0
2011-11-15 00:00:00,0.848456,0.901787,1721.0,1755.0,5051.0,1238.0,560110.0
2011-11-22 00:00:00,1.04451,1.03315,2098.0,2128.0,6141.0,1238.0,594395.0
2011-11-29 00:00:00,1.0986,1.05238,1958.0,2335.0,6318.0,1238.0,600354.0
2011-12-06 00:00:00,1.22071,1.12713,1886.0,2294.0,6296.0,1242.0,558585.0
2011-12-13 00:00:00,1.24976,1.1866,2176.0,2870.0,7382.0,1252.0,622114.0
2011-12-20 00:00:00,1.22892,1.21415,2295.0,2972.0,7656.0,1268.0,630563.0
2011-12-27 00:00:00,1.29393,1.25198,2421.0,2867.0,7807.0,1248.0,623572.0
2012-01-03 00:00:00,1.23034,1.20559,2773.0,3691.0,9395.0,1932.0,779285.0
2012-01-10 00:00:00,1.3278,1.31929,2960.0,4007.0,10158.0,1940.0,769959.0
2012-01-17 00:00:00,1.33995,1.3273700000000002,3202.0,4233.0,10585.0,1968.0,797444.0
2012-01-24 00:00:00,1.37842,1.36688,3346.0,4268.0,10913.0,1958.0,798388.0
2012-01-31 00:00:00,1.50085,1.50535,3326.0,4422.0,11061.0,1929.0,734781.0
2012-02-07 00:00:00,1.65163,1.61273,3733.0,5145.0,12674.0,1974.0,785871.0
2012-02-14 00:00:00,1.7674599999999998,1.75208,4034.0,5526.0,13623.0,1966.0,777534.0
2012-02-21 00:00:00,2.30609,2.33365,4651.0,5387.0,14650.0,1968.0,627772.0
2012-02-28 00:00:00,2.16324,2.2268,5102.0,7018.0,18521.0,2006.0,831730.0
2012-03-06 00:00:00,2.83038,2.97657,6486.0,10857.0,24877.0,2006.0,835762.0
2012-03-13 00:00:00,3.43761,3.62552,7446.0,12945.0,29432.0,1977.0,811800.0
2012-03-20 00:00:00,4.3055400000000015,4.5532,8546.0,13971.0,34332.0,1908.0,754019.0
2012-03-27 00:00:00,6.06082,6.0259800000000014,9709.0,11391.0,36588.0,1905.0,607171.0
2012-04-03 00:00:00,4.64931,4.96368,8444.0,9108.0,34103.0,1982.0,687051.0
2012-04-10 00:00:00,4.32584,4.69072,8297.0,13424.0,39896.0,1995.0,850531.0
2012-04-17 00:00:00,4.5111300000000005,4.7047300000000005,8633.0,15992.0,39441.0,2008.0,838326.0
2012-04-24 00:00:00,4.2171,4.1646,7441.0,13439.0,32426.0,1978.0,778610.0
2012-05-01 00:00:00,3.78956,3.69533,6609.0,12653.0,29808.0,1963.0,806640.0
2012-05-08 00:00:00,3.29206,3.2363,5757.0,10816.0,24987.0,1931.0,772086.0
2012-05-15 00:00:00,3.0197,2.89421,5289.0,9395.0,22321.0,1926.0,771229.0
2012-05-22 00:00:00,2.71499,2.71742,5099.0,8415.0,20519.0,1940.0,755092.0
2012-05-29 00:00:00,2.4845,2.52297,4633.0,7981.0,19231.0,1893.0,762238.0
2012-06-05 00:00:00,2.57808,2.55227,4791.0,7709.0,18829.0,1884.0,737736.0
2012-06-12 00:00:00,2.39237,2.43225,4480.0,7065.0,17392.0,1846.0,715059.0
2012-06-19 00:00:00,2.06778,2.10851,3957.0,6095.0,15254.0,1825.0,723449.0
2012-06-26 00:00:00,1.90281,1.94725,3830.0,5204.0,13714.0,1811.0,704276.0
2012-07-03 00:00:00,1.6590200000000002,1.74859,3516.0,4299.0,12273.0,1769.0,701881.0
2012-07-10 00:00:00,1.43006,1.4971299999999998,3110.0,3929.0,10818.0,1742.0,722583.0
2012-07-17 00:00:00,1.27757,1.32313,2707.0,3509.0,9188.0,1732.0,694415.0
2012-07-24 00:00:00,1.19009,1.2264700000000002,2588.0,3364.0,8589.0,1711.0,700300.0
2012-07-31 00:00:00,1.09556,1.19614,2439.0,3142.0,7986.0,1675.0,667648.0
2012-08-07 00:00:00,1.08589,1.19049,2422.0,2877.0,7704.0,1630.0,647130.0
2012-08-14 00:00:00,1.07343,1.17426,2431.0,2583.0,7317.0,1582.0,623114.0
2012-08-21 00:00:00,1.0167700000000002,1.13342,2230.0,2219.0,6589.0,1489.0,581338.0
2012-08-28 00:00:00,1.04847,1.14306,2109.0,2094.0,6190.0,1486.0,541528.0
2012-09-04 00:00:00,0.920349,1.00881,1983.0,1779.0,5638.0,1421.0,558875.0
2012-09-11 00:00:00,0.920779,1.02358,1969.0,1713.0,5539.0,1419.0,541138.0
2012-09-18 00:00:00,0.904333,1.00138,1877.0,1766.0,5474.0,1405.0,546643.0
2012-09-25 00:00:00,0.83057,0.909498,1703.0,1581.0,4915.0,1389.0,540408.0
2012-10-02 00:00:00,0.8628370000000001,0.950042,1594.0,1489.0,4506.0,1357.0,474295.0
2012-10-09 00:00:00,0.732182,0.829299,1576.0,1491.0,4510.0,1362.0,543833.0
2012-10-16 00:00:00,0.724558,0.802109,1432.0,1405.0,4186.0,1341.0,521874.0
2012-10-23 00:00:00,0.740848,0.806333,1416.0,1464.0,4233.0,1325.0,524969.0
2012-10-30 00:00:00,0.726037,0.796937,1216.0,1284.0,3886.0,1290.0,487617.0
2012-11-06 00:00:00,0.7556390000000001,0.7791359999999999,1367.0,1338.0,4075.0,1299.0,523015.0
2012-11-13 00:00:00,0.761847,0.797653,1364.0,1366.0,4168.0,1276.0,522533.0
2012-11-20 00:00:00,0.779896,0.825485,1331.0,1561.0,4317.0,1265.0,522965.0
2012-11-27 00:00:00,0.8991379999999999,0.935469,1499.0,1814.0,5053.0,1260.0,540157.0
2012-12-04 00:00:00,0.999524,1.04345,1681.0,2035.0,5626.0,1317.0,539175.0
2012-12-11 00:00:00,1.0558,1.09107,1926.0,2437.0,6374.0,1307.0,584196.0
2012-12-18 00:00:00,1.0967,1.20108,2175.0,2683.0,7110.0,1290.0,591969.0
2012-12-25 00:00:00,1.24709,1.26179,2393.0,2963.0,7963.0,1364.0,631088.0
2013-01-01 00:00:00,1.15746,1.13249,2974.0,3769.0,9677.0,1960.0,854487.0
2013-01-08 00:00:00,1.27184,1.21121,3276.0,3925.0,10420.0,1990.0,860298.0
2013-01-15 00:00:00,1.31623,1.25682,3483.0,3880.0,10658.0,2018.0,848016.0
2013-01-22 00:00:00,1.37444,1.37097,3930.0,4484.0,12036.0,2027.0,877917.0
2013-01-29 00:00:00,1.46781,1.42956,4045.0,4642.0,12502.0,2028.0,874537.0
2013-02-05 00:00:00,1.5834,1.53588,4434.0,5062.0,13498.0,2017.0,878845.0
2013-02-12 00:00:00,1.60253,1.60267,4643.0,5000.0,13927.0,2054.0,868987.0
2013-02-19 00:00:00,1.72344,1.7326700000000002,4835.0,5579.0,15168.0,2012.0,875411.0
2013-02-26 00:00:00,2.11076,2.09858,4937.0,4313.0,13975.0,2042.0,665926.0
2013-03-05 00:00:00,2.1708,2.21374,5549.0,6579.0,18920.0,2055.0,854664.0
2013-03-12 00:00:00,2.36971,2.4167400000000003,5501.0,7046.0,19398.0,2054.0,802651.0
2013-03-19 00:00:00,3.15997,3.03071,6555.0,8406.0,24697.0,2009.0,814891.0
2013-03-26 00:00:00,4.59053,4.38724,7814.0,7485.0,26988.0,2007.0,615148.0
2013-04-02 00:00:00,4.28195,4.2112,7488.0,6726.0,28654.0,2033.0,680424.0
2013-04-09 00:00:00,3.5628800000000003,3.46492,6233.0,7881.0,28147.0,2059.0,812343.0
2013-04-16 00:00:00,3.36378,3.3169800000000005,6007.0,9517.0,28370.0,2049.0,855297.0
2013-04-23 00:00:00,3.39659,3.2407,5878.0,8858.0,25502.0,2062.0,786928.0
2013-04-30 00:00:00,3.11922,2.88598,5133.0,8714.0,23484.0,2051.0,813726.0
2013-05-07 00:00:00,2.83572,2.6217200000000003,4729.0,7711.0,21085.0,2051.0,804244.0
2013-05-14 00:00:00,2.48484,2.3406700000000003,4210.0,6717.0,18195.0,2018.0,777340.0
2013-05-21 00:00:00,2.2741,2.12059,4250.0,6121.0,17234.0,2025.0,812700.0
2013-05-28 00:00:00,2.0724400000000003,1.91094,3953.0,5875.0,15914.0,1978.0,832786.0
2013-06-04 00:00:00,1.98207,1.9023,3775.0,5575.0,15044.0,1944.0,790831.0
2013-06-11 00:00:00,1.82441,1.76619,3616.0,5022.0,14024.0,1904.0,794024.0
2013-06-18 00:00:00,1.82036,1.85791,3798.0,5611.0,14926.0,1922.0,803374.0
2013-06-25 00:00:00,1.75391,1.82094,3523.0,5812.0,14661.0,1887.0,805133.0
2013-07-02 00:00:00,1.74542,1.83453,3582.0,5659.0,14637.0,1866.0,797863.0
2013-07-09 00:00:00,1.6723599999999998,1.75446,3574.0,5587.0,14206.0,1845.0,809707.0
2013-07-16 00:00:00,1.51659,1.51636,3130.0,4279.0,11723.0,1810.0,773101.0
2013-07-23 00:00:00,1.4477799999999998,1.40334,2846.0,3770.0,10814.0,1771.0,770592.0
2013-07-30 00:00:00,1.29028,1.2593,2501.0,3591.0,9648.0,1746.0,766139.0
2013-08-06 00:00:00,1.37388,1.32482,2789.0,3615.0,9775.0,1714.0,737834.0
2013-08-13 00:00:00,1.34208,1.27576,2544.0,3256.0,9033.0,1660.0,708049.0
2013-08-20 00:00:00,1.34563,1.29483,2733.0,3068.0,8797.0,1570.0,679395.0
2013-08-27 00:00:00,1.21291,1.2261,2528.0,2459.0,7658.0,1554.0,624582.0
2013-09-03 00:00:00,1.19291,1.1453799999999998,2383.0,2349.0,7229.0,1461.0,631143.0
2013-09-10 00:00:00,1.14146,1.0678,2227.0,2181.0,6783.0,1461.0,635233.0
2013-09-17 00:00:00,1.06503,1.07269,2159.0,2009.0,6369.0,1392.0,593740.0
2013-09-24 00:00:00,1.12669,1.01298,2049.0,1917.0,6038.0,1411.0,596063.0
2013-10-01 00:00:00,0.947353,0.994705,1865.0,1688.0,5352.0,1388.0,538049.0
2013-10-08 00:00:00,0.944187,0.880862,1758.0,1623.0,5295.0,1394.0,601116.0
2013-10-15 00:00:00,0.934822,0.858173,1582.0,1621.0,5083.0,1376.0,592305.0
2013-10-22 00:00:00,0.8173600000000001,0.8051520000000001,1455.0,1450.0,4765.0,1372.0,591814.0
2013-10-29 00:00:00,0.852792,0.8187810000000001,1450.0,1655.0,4942.0,1378.0,603580.0
2013-11-05 00:00:00,0.7469939999999999,0.7837350000000001,1460.0,1528.0,4744.0,1382.0,605307.0
2013-11-12 00:00:00,0.7610979999999999,0.8487030000000001,1528.0,1631.0,4980.0,1369.0,586778.0
2013-11-19 00:00:00,0.7676270000000001,0.8341459999999999,1569.0,1813.0,5305.0,1371.0,635980.0
2013-11-26 00:00:00,0.862176,0.905981,1684.0,2184.0,5799.0,1353.0,640080.0
2013-12-03 00:00:00,0.984907,1.04506,1753.0,2258.0,6050.0,1352.0,578913.0
2013-12-10 00:00:00,1.16287,1.16816,2300.0,3316.0,8130.0,1401.0,695966.0
2013-12-17 00:00:00,1.22731,1.27649,2535.0,3650.0,8888.0,1405.0,696282.0
2013-12-24 00:00:00,1.2071,1.29758,2522.0,3447.0,8874.0,1407.0,683887.0
2013-12-31 00:00:00,1.16191,1.20612,2958.0,3994.0,10150.0,1937.0,841540.0
2014-01-07 00:00:00,1.30905,1.32485,3055.0,4437.0,10977.0,1960.0,828544.0
2014-01-14 00:00:00,1.3707200000000002,1.41192,3442.0,4728.0,11941.0,2000.0,845727.0
2014-01-21 00:00:00,1.43373,1.42547,3455.0,4955.0,12292.0,2008.0,862314.0
2014-01-28 00:00:00,1.42791,1.43909,3632.0,5102.0,12313.0,2053.0,855608.0
2014-02-04 00:00:00,1.61605,1.61532,4277.0,5799.0,13853.0,2058.0,857601.0
2014-02-11 00:00:00,1.65976,1.6647299999999998,4424.0,5816.0,14062.0,1997.0,844700.0
2014-02-18 00:00:00,2.05459,2.0058,4740.0,7322.0,16674.0,2058.0,831289.0
2014-02-25 00:00:00,2.53541,2.62227,5432.0,6848.0,17602.0,2067.0,671251.0
2014-03-04 00:00:00,2.54253,2.6074900000000003,6185.0,9106.0,22905.0,2097.0,878430.0
2014-03-11 00:00:00,3.60563,3.4178,7424.0,13050.0,29172.0,2069.0,853532.0
2014-03-18 00:00:00,4.90976,4.46555,9270.0,16418.0,37382.0,2016.0,837119.0
2014-03-25 00:00:00,5.98221,6.11497,10363.0,13951.0,40533.0,1984.0,662849.0
2014-04-01 00:00:00,5.47421,5.3097900000000005,9732.0,9406.0,36891.0,1983.0,694773.0
2014-04-08 00:00:00,4.2137400000000005,4.0789800000000005,7160.0,9589.0,31483.0,1958.0,771835.0
2014-04-15 00:00:00,4.21022,3.93762,7044.0,11966.0,31204.0,1971.0,792459.0
2014-04-22 00:00:00,4.25968,4.15076,7840.0,13949.0,33221.0,1966.0,800359.0
2014-04-29 00:00:00,3.97761,3.87899,7118.0,13159.0,30621.0,1955.0,789407.0
2014-05-06 00:00:00,3.6344300000000014,3.45794,6656.0,12093.0,28151.0,1950.0,814097.0
2014-05-13 00:00:00,3.26527,3.06359,6429.0,10328.0,25218.0,1917.0,823153.0
2014-05-20 00:00:00,2.93083,2.82646,5537.0,8164.0,21109.0,1907.0,746836.0
2014-05-27 00:00:00,2.54474,2.3599,4823.0,7280.0,19178.0,1934.0,812660.0
2014-06-03 00:00:00,2.47227,2.33472,4639.0,7116.0,18441.0,1912.0,789858.0
2014-06-10 00:00:00,2.35665,2.21286,4710.0,6748.0,17833.0,1907.0,805881.0
2014-06-17 00:00:00,2.17008,2.07619,4559.0,6084.0,16695.0,1883.0,804117.0
2014-06-24 00:00:00,2.04297,2.01267,4418.0,6003.0,16122.0,1848.0,801027.0
2014-07-01 00:00:00,1.954,1.94192,4174.0,5623.0,14975.0,1819.0,771143.0
2014-07-08 00:00:00,1.72287,1.74809,3903.0,4634.0,13733.0,1820.0,785602.0
2014-07-15 00:00:00,1.53694,1.50367,3448.0,4214.0,12044.0,1813.0,800974.0
2014-07-22 00:00:00,1.38283,1.43494,3182.0,4011.0,10860.0,1768.0,756827.0
2014-07-29 00:00:00,1.46265,1.45673,3203.0,4280.0,11095.0,1753.0,761638.0
2014-08-05 00:00:00,1.38934,1.42836,3106.0,4079.0,10694.0,1735.0,748690.0
2014-08-12 00:00:00,1.3468,1.35297,2805.0,3641.0,9671.0,1688.0,714799.0
2014-08-19 00:00:00,1.25452,1.33093,2754.0,3296.0,9024.0,1622.0,678023.0
2014-08-26 00:00:00,1.21636,1.28422,2593.0,2714.0,7913.0,1579.0,616171.0
2014-09-02 00:00:00,1.16734,1.13889,2211.0,2345.0,6946.0,1505.0,609891.0
2014-09-09 00:00:00,1.04654,1.10343,2109.0,2284.0,6744.0,1455.0,611184.0
2014-09-16 00:00:00,0.943661,0.970748,1734.0,2046.0,5850.0,1459.0,602628.0
2014-09-23 00:00:00,0.935046,0.998681,1897.0,1921.0,5913.0,1445.0,592081.0
2014-09-30 00:00:00,0.934726,0.978057,1678.0,1701.0,5232.0,1417.0,534938.0
2014-10-07 00:00:00,0.864118,0.866431,1546.0,1675.0,5116.0,1428.0,590468.0
2014-10-14 00:00:00,0.806535,0.827757,1487.0,1609.0,4870.0,1411.0,588337.0
2014-10-21 00:00:00,0.742747,0.7975720000000001,1383.0,1498.0,4626.0,1401.0,580010.0
2014-10-28 00:00:00,0.737859,0.811221,1415.0,1459.0,4605.0,1352.0,567663.0
2014-11-04 00:00:00,0.743224,0.8211649999999999,1392.0,1590.0,4753.0,1364.0,578812.0
2014-11-11 00:00:00,0.805251,0.819435,1330.0,1667.0,4750.0,1340.0,579668.0
2014-11-18 00:00:00,0.816943,0.8480409999999999,1429.0,1815.0,5173.0,1356.0,609994.0
2014-11-25 00:00:00,0.8145180000000001,0.888524,1687.0,2033.0,5648.0,1362.0,635661.0
2014-12-02 00:00:00,0.86067,0.962826,1636.0,2292.0,5963.0,1354.0,619323.0
2014-12-09 00:00:00,0.886704,1.02252,1714.0,2169.0,5970.0,1349.0,583853.0
2014-12-16 00:00:00,1.00845,1.08392,1993.0,2744.0,7062.0,1369.0,651524.0
2014-12-23 00:00:00,1.06625,1.17724,2178.0,2947.0,7704.0,1367.0,654414.0
2014-12-30 00:00:00,1.05995,1.1716,2170.0,2746.0,7626.0,1332.0,650904.0
2015-01-06 00:00:00,1.22559,1.24325,2849.0,3693.0,10049.0,1963.0,808287.0
2015-01-13 00:00:00,1.31066,1.3234,3016.0,4007.0,10715.0,1976.0,809660.0
2015-01-20 00:00:00,1.3711,1.40399,3263.0,4360.0,11584.0,1995.0,825079.0
2015-01-27 00:00:00,1.39171,1.37629,3141.0,4148.0,11164.0,1999.0,811165.0
2015-02-03 00:00:00,1.4371200000000002,1.46866,3563.0,4783.0,12423.0,2048.0,845875.0
2015-02-10 00:00:00,1.50165,1.533,3746.0,4725.0,12676.0,2028.0,826877.0
2015-02-17 00:00:00,1.59805,1.60841,3960.0,5076.0,13484.0,2023.0,838344.0
2015-02-24 00:00:00,1.89668,1.90047,3974.0,4073.0,12158.0,2000.0,639738.0
2015-03-03 00:00:00,1.67728,1.73645,4469.0,5076.0,14617.0,2040.0,841777.0
2015-03-10 00:00:00,1.78296,1.81945,4575.0,5384.0,14986.0,2020.0,823657.0
2015-03-17 00:00:00,1.87336,1.96571,5135.0,5105.0,15396.0,2000.0,783227.0
2015-03-24 00:00:00,2.32148,2.42021,5377.0,4317.0,14839.0,1978.0,613128.0
2015-03-31 00:00:00,2.40991,2.41083,5700.0,4011.0,15679.0,1949.0,650356.0
2015-04-07 00:00:00,1.94328,1.98859,4775.0,4494.0,15654.0,2004.0,787192.0
2015-04-14 00:00:00,1.99796,1.98985,4574.0,5362.0,15517.0,2005.0,779809.0
2015-04-21 00:00:00,2.11829,2.1071,4804.0,5380.0,15661.0,2008.0,743249.0
2015-04-28 00:00:00,2.25112,2.19256,5088.0,6882.0,18143.0,2026.0,827482.0
2015-05-05 00:00:00,2.37116,2.3001400000000003,5135.0,7353.0,18944.0,2007.0,823602.0
2015-05-12 00:00:00,2.80035,2.67574,5645.0,8434.0,21774.0,2000.0,813755.0
2015-05-19 00:00:00,3.16475,3.02427,5997.0,9325.0,24681.0,1993.0,816098.0
2015-05-26 00:00:00,3.15183,3.11328,6299.0,10127.0,26423.0,1956.0,848718.0
2015-06-02 00:00:00,3.3321,3.3278800000000004,6619.0,11415.0,28468.0,1952.0,855439.0
2015-06-09 00:00:00,3.5602400000000003,3.5918,6660.0,11856.0,30481.0,1922.0,848628.0
2015-06-16 00:00:00,3.05479,3.09262,5574.0,9334.0,24894.0,1898.0,804948.0
2015-06-23 00:00:00,2.76732,2.78803,5187.0,8489.0,21940.0,1900.0,786936.0
2015-06-30 00:00:00,2.44161,2.52371,4581.0,7392.0,19603.0,1832.0,776752.0
2015-07-07 00:00:00,2.03348,2.12928,3707.0,6403.0,16769.0,1813.0,787543.0
2015-07-14 00:00:00,1.98593,2.05142,3572.0,6595.0,16261.0,1805.0,792672.0
2015-07-21 00:00:00,1.91514,1.98957,3515.0,6357.0,15437.0,1774.0,775895.0
2015-07-28 00:00:00,1.69968,1.7858,3157.0,5557.0,13836.0,1759.0,774777.0
2015-08-04 00:00:00,1.57635,1.60144,2772.0,4729.0,11870.0,1742.0,741210.0
2015-08-11 00:00:00,1.3935,1.4743,2871.0,4046.0,10707.0,1690.0,726244.0
2015-08-18 00:00:00,1.29941,1.42286,2688.0,3630.0,9798.0,1626.0,688612.0
2015-08-25 00:00:00,1.18379,1.38196,2612.0,3126.0,8787.0,1439.0,635835.0
2015-09-01 00:00:00,1.13723,1.33712,2545.0,2620.0,7997.0,1482.0,598077.0
2015-09-08 00:00:00,1.04118,1.13894,2293.0,2313.0,7201.0,1446.0,632252.0
2015-09-15 00:00:00,0.971814,1.09641,2189.0,2171.0,6768.0,1440.0,617287.0
2015-09-22 00:00:00,0.8633059999999999,0.999559,2062.0,1905.0,6024.0,1402.0,602666.0
2015-09-29 00:00:00,0.8337969999999999,0.99095,1873.0,1810.0,5686.0,1382.0,573793.0
2015-10-06 00:00:00,0.784516,0.931253,1646.0,1641.0,5118.0,1379.0,549582.0
2015-10-13 00:00:00,0.7343270000000001,0.843118,1610.0,1599.0,5078.0,1392.0,602288.0
2015-10-20 00:00:00,0.6988449999999999,0.8402860000000001,1670.0,1621.0,5044.0,1388.0,600272.0
2015-10-27 00:00:00,0.7230989999999999,0.8300649999999999,1580.0,1624.0,4925.0,1393.0,593327.0
2015-11-03 00:00:00,0.663501,0.790428,1455.0,1496.0,4596.0,1360.0,581457.0
2015-11-10 00:00:00,0.69276,0.8308260000000001,1512.0,1639.0,4868.0,1329.0,585923.0
2015-11-17 00:00:00,0.710029,0.8567959999999999,1644.0,1914.0,5265.0,1345.0,614499.0
2015-11-24 00:00:00,0.834232,1.00746,1848.0,2364.0,6260.0,1356.0,621362.0
2015-12-01 00:00:00,0.992621,1.0586799999999998,1815.0,2651.0,6504.0,1354.0,614349.0
2015-12-08 00:00:00,1.01605,1.10028,1883.0,2604.0,6623.0,1347.0,601938.0
2015-12-15 00:00:00,1.07169,1.1457,2026.0,3073.0,7639.0,1365.0,666755.0
2015-12-22 00:00:00,1.10163,1.2189,2341.0,3298.0,8229.0,1363.0,675119.0
2015-12-29 00:00:00,1.18841,1.31113,2413.0,3334.0,8505.0,1389.0,648678.0
2016-01-05 00:00:00,1.2019,1.27386,3110.0,4169.0,10864.0,1946.0,852842.0
2016-01-12 00:00:00,1.23108,1.29342,3207.0,4078.0,10997.0,1973.0,850228.0
2016-01-19 00:00:00,1.26796,1.33097,3564.0,4452.0,11926.0,1983.0,896035.0
2016-01-26 00:00:00,1.36298,1.42662,3786.0,4769.0,12648.0,2006.0,886570.0
2016-02-02 00:00:00,1.48535,1.57071,4314.0,5287.0,13790.0,1999.0,877947.0
2016-02-09 00:00:00,1.55954,1.65146,4703.0,5193.0,14258.0,1990.0,863356.0
2016-02-16 00:00:00,1.64783,1.7330900000000002,4979.0,5610.0,15160.0,2000.0,874739.0
2016-02-23 00:00:00,1.91275,2.03388,5032.0,4567.0,14208.0,2011.0,698566.0
2016-03-01 00:00:00,1.81725,1.88331,5209.0,5655.0,16605.0,2001.0,881694.0
2016-03-08 00:00:00,1.91433,2.00292,5501.0,5812.0,16961.0,2013.0,846813.0
2016-03-15 00:00:00,2.21003,2.27731,5744.0,6724.0,18463.0,2000.0,810736.0
2016-03-22 00:00:00,2.73568,2.91465,6653.0,7469.0,21565.0,1977.0,739882.0
2016-03-29 00:00:00,3.36832,3.5491900000000003,7712.0,7144.0,24900.0,1928.0,701569.0
2016-04-05 00:00:00,3.09689,3.08102,6716.0,6786.0,24178.0,2024.0,784740.0
2016-04-12 00:00:00,3.07346,3.01875,6020.0,8843.0,24897.0,1997.0,824746.0
2016-04-19 00:00:00,3.51643,3.40446,6399.0,12147.0,28781.0,2029.0,845391.0
2016-04-26 00:00:00,3.8027,3.52869,6958.0,14073.0,31265.0,2021.0,886023.0
2016-05-03 00:00:00,4.5031300000000005,4.10665,7452.0,17482.0,36517.0,2024.0,889216.0
2016-05-10 00:00:00,5.06308,4.7551,8110.0,20150.0,42890.0,2027.0,901978.0
2016-05-17 00:00:00,4.8600900000000005,4.65163,7726.0,18692.0,41035.0,1967.0,882163.0
2016-05-24 00:00:00,4.57916,4.57049,7649.0,17300.0,40124.0,1987.0,877892.0
2016-05-31 00:00:00,3.55674,3.45522,6129.0,12394.0,30183.0,1995.0,873547.0
2016-06-07 00:00:00,3.50417,3.29505,5854.0,11552.0,28060.0,1971.0,851580.0
2016-06-14 00:00:00,3.21511,3.16426,5503.0,10084.0,25484.0,1958.0,805370.0
2016-06-21 00:00:00,3.10088,3.14433,5514.0,11503.0,27354.0,1940.0,869946.0
2016-06-28 00:00:00,2.79056,2.87936,5145.0,10149.0,24342.0,1899.0,845397.0
2016-07-05 00:00:00,2.38547,2.36977,4488.0,8178.0,19677.0,1906.0,830332.0
2016-07-12 00:00:00,1.9703,1.93853,3909.0,5847.0,15548.0,1861.0,802052.0
2016-07-19 00:00:00,1.73442,1.64064,3306.0,4683.0,13006.0,1845.0,792740.0
2016-07-26 00:00:00,1.56303,1.4752,2997.0,4497.0,11924.0,1846.0,808298.0
2016-08-02 00:00:00,1.4128,1.37755,2890.0,4105.0,10762.0,1795.0,781240.0
2016-08-09 00:00:00,1.27492,1.33771,2751.0,3831.0,10202.0,1767.0,762648.0
2016-08-16 00:00:00,1.2834,1.34686,2685.0,3518.0,9809.0,1746.0,728288.0
2016-08-23 00:00:00,1.1666299999999998,1.26579,2341.0,3060.0,8564.0,1614.0,676574.0
2016-08-30 00:00:00,1.10977,1.25701,2311.0,2575.0,7756.0,1569.0,617021.0
2016-09-06 00:00:00,1.04333,1.16048,2412.0,2377.0,7510.0,1493.0,647145.0
2016-09-13 00:00:00,0.905151,1.04834,2049.0,2099.0,6636.0,1470.0,633003.0
2016-09-20 00:00:00,0.902718,0.992711,1930.0,1971.0,6240.0,1469.0,628582.0
2016-09-27 00:00:00,0.8595309999999999,0.961603,1771.0,1748.0,5596.0,1422.0,581945.0
2016-10-04 00:00:00,0.818998,0.955818,1728.0,1564.0,5326.0,1456.0,557219.0
2016-10-11 00:00:00,0.752505,0.8275969999999999,1545.0,1578.0,4961.0,1405.0,599446.0
2016-10-18 00:00:00,0.731146,0.811886,1549.0,1421.0,4747.0,1384.0,584688.0
2016-10-25 00:00:00,0.733295,0.818527,1576.0,1515.0,4879.0,1377.0,596071.0
2016-11-01 00:00:00,0.73102,0.829758,1529.0,1485.0,4899.0,1390.0,590413.0
2016-11-08 00:00:00,0.68834,0.8285030000000001,1559.0,1481.0,4915.0,1386.0,593239.0
2016-11-15 00:00:00,0.732049,0.8858959999999999,1603.0,1691.0,5230.0,1350.0,590363.0
2016-11-22 00:00:00,0.911188,1.05351,1964.0,2549.0,6653.0,1379.0,631507.0
2016-11-29 00:00:00,1.02105,1.11768,2076.0,2726.0,7133.0,1370.0,638196.0
2016-12-06 00:00:00,1.09495,1.14028,2073.0,2488.0,7072.0,1384.0,620201.0
2016-12-13 00:00:00,1.09475,1.13326,2372.0,2942.0,8304.0,1485.0,732755.0
2016-12-20 00:00:00,1.09775,1.17589,2544.0,3075.0,8563.0,1484.0,728214.0
2016-12-27 00:00:00,1.18882,1.23848,2840.0,3201.0,9079.0,1468.0,733077.0
2017-01-03 00:00:00,1.26589,1.2802,3849.0,4556.0,12839.0,2220.0,1002892.0
2017-01-10 00:00:00,1.30479,1.33123,4118.0,4453.0,13267.0,2245.0,996595.0
2017-01-17 00:00:00,1.34075,1.40786,4408.0,4993.0,14319.0,2266.0,1017076.0
2017-01-24 00:00:00,1.51674,1.5722,5006.0,5531.0,15832.0,2266.0,1006998.0
2017-01-31 00:00:00,1.74583,1.7032599999999998,5219.0,6134.0,17069.0,2222.0,1002140.0
2017-02-07 00:00:00,1.88708,1.86636,6126.0,6671.0,19057.0,2288.0,1021079.0
2017-02-14 00:00:00,2.05923,2.07647,6880.0,7577.0,21892.0,2296.0,1054290.0
2017-02-21 00:00:00,2.27971,2.33593,6945.0,5875.0,19816.0,2271.0,848314.0
2017-02-28 00:00:00,2.28379,2.24637,7008.0,7474.0,23752.0,2279.0,1057350.0
2017-03-07 00:00:00,2.58278,2.49504,7229.0,8488.0,24955.0,2272.0,1000183.0
2017-03-14 00:00:00,3.3655800000000005,3.2005,8285.0,11259.0,31502.0,2262.0,984283.0
2017-03-21 00:00:00,4.73117,4.43807,10447.0,14166.0,42782.0,2211.0,963978.0
2017-03-28 00:00:00,5.70943,5.46361,11335.0,11540.0,45255.0,2132.0,828299.0
2017-04-04 00:00:00,5.7465800000000025,5.35765,9410.0,11717.0,47269.0,2243.0,882271.0
2017-04-11 00:00:00,5.89207,5.5243699999999984,10053.0,17357.0,56761.0,2257.0,1027466.0
2017-04-18 00:00:00,6.51759,6.3452800000000025,11997.0,21897.0,63036.0,2286.0,993431.0
2017-04-25 00:00:00,7.16338,7.018110000000001,13408.0,30625.0,77326.0,2288.0,1101807.0
2017-05-02 00:00:00,7.52133,7.7809,14844.0,37200.0,85985.0,2275.0,1105078.0
2017-05-09 00:00:00,7.38748,7.76939,15192.0,38606.0,87825.0,2299.0,1130397.0
2017-05-16 00:00:00,6.44688,6.8117600000000005,13365.0,32124.0,76210.0,2227.0,1118800.0
2017-05-23 00:00:00,4.95881,5.15749,10154.0,20450.0,53025.0,2272.0,1028116.0
2017-05-30 00:00:00,3.68612,3.55945,7208.0,13392.0,36064.0,2208.0,1013191.0
2017-06-06 00:00:00,3.18626,3.00518,6368.0,10850.0,29133.0,2214.0,969427.0
2017-06-13 00:00:00,2.76894,2.73038,5588.0,9468.0,25938.0,2201.0,949978.0
2017-06-20 00:00:00,2.48706,2.47768,5223.0,8640.0,23805.0,2180.0,960779.0
2017-06-27 00:00:00,2.40802,2.36314,4721.0,7214.0,20693.0,2144.0,875658.0
2017-07-04 00:00:00,2.07483,2.03139,4553.0,6218.0,19074.0,2127.0,938963.0
2017-07-11 00:00:00,1.77898,1.80376,4145.0,5505.0,16664.0,2086.0,923848.0
2017-07-18 00:00:00,1.61487,1.58696,3856.0,5269.0,14869.0,2112.0,936950.0
2017-07-25 00:00:00,1.5385,1.53801,3723.0,5336.0,14552.0,2088.0,946160.0
2017-08-01 00:00:00,1.52612,1.44974,3658.0,4815.0,13291.0,2018.0,916783.0
2017-08-08 00:00:00,1.28847,1.27729,3444.0,4133.0,11619.0,1933.0,909661.0
2017-08-15 00:00:00,1.18344,1.22051,3359.0,3764.0,11066.0,1977.0,906668.0
2017-08-22 00:00:00,1.24919,1.23235,3385.0,3429.0,10646.0,1896.0,863879.0
2017-08-29 00:00:00,1.14131,1.223,3220.0,2987.0,9608.0,1802.0,785606.0
2017-09-05 00:00:00,0.9878,1.0473,2847.0,2552.0,8693.0,1798.0,830040.0
2017-09-12 00:00:00,0.8955649999999999,0.978113,2375.0,2245.0,7573.0,1753.0,774246.0
2017-09-19 00:00:00,0.8922040000000001,0.947548,2312.0,2162.0,7373.0,1773.0,778114.0
2017-09-26 00:00:00,0.877184,0.867554,2206.0,1916.0,6947.0,1736.0,800757.0
2017-10-03 00:00:00,0.780203,0.8232799999999999,2009.0,1862.0,6258.0,1780.0,760130.0
2017-10-10 00:00:00,0.725075,0.771497,1943.0,1901.0,6501.0,1785.0,842647.0
2017-10-17 00:00:00,0.68247,0.706819,1741.0,1720.0,5786.0,1748.0,818597.0
2017-10-24 00:00:00,0.640393,0.6851550000000001,1665.0,1643.0,5497.0,1741.0,802300.0
2017-10-31 00:00:00,0.639127,0.687351,1618.0,1769.0,5612.0,1724.0,816468.0
2017-11-07 00:00:00,0.705637,0.735733,1726.0,1784.0,5861.0,1690.0,796621.0
2017-11-14 00:00:00,0.707801,0.806048,1986.0,2170.0,6537.0,1725.0,810994.0
2017-11-21 00:00:00,0.822659,0.944013,2239.0,2468.0,7323.0,1610.0,775731.0
2017-11-28 00:00:00,0.859864,0.960101,2445.0,2830.0,8111.0,1681.0,844807.0
2017-12-05 00:00:00,1.10083,1.14128,2814.0,3343.0,9530.0,1710.0,835027.0
2017-12-12 00:00:00,1.15323,1.14784,2773.0,3660.0,10065.0,1708.0,876862.0
2017-12-19 00:00:00,1.2017799999999998,1.31156,3242.0,3949.0,11189.0,1684.0,853109.0
2017-12-26 00:00:00,1.2498,1.26102,3481.0,4198.0,11767.0,1710.0,933130.0
2018-01-02 00:00:00,1.41876,1.41974,4887.0,6341.0,17975.0,2611.0,1266076.0
2018-01-09 00:00:00,1.40077,1.473,5332.0,6279.0,18652.0,2651.0,1266257.0
2018-01-16 00:00:00,1.47139,1.58968,5589.0,6802.0,19948.0,2623.0,1254844.0
2018-01-23 00:00:00,1.63634,1.7220799999999998,6249.0,7487.0,21634.0,2678.0,1256271.0
2018-01-30 00:00:00,1.79125,1.84114,6869.0,8291.0,23169.0,2666.0,1258405.0
2018-02-06 00:00:00,1.86871,1.92692,7509.0,8451.0,24085.0,2672.0,1249921.0
2018-02-13 00:00:00,1.98121,2.0852,7821.0,8076.0,24419.0,2665.0,1171062.0
2018-02-20 00:00:00,2.23487,2.40063,8607.0,7197.0,24635.0,2618.0,1026187.0
2018-02-27 00:00:00,2.1457200000000003,2.24479,8890.0,8788.0,29096.0,2666.0,1296156.0
2018-03-06 00:00:00,2.2513400000000003,2.29962,8809.0,9276.0,28377.0,2658.0,1233986.0
2018-03-13 00:00:00,2.6411,2.73181,10156.0,11376.0,33113.0,2650.0,1212127.0
2018-03-20 00:00:00,3.13478,3.24012,11515.0,12816.0,38260.0,2596.0,1180820.0
2018-03-27 00:00:00,3.96538,4.18077,13615.0,12044.0,44012.0,2581.0,1052725.0
2018-04-03 00:00:00,3.45972,3.63095,11686.0,9572.0,42135.0,2630.0,1160440.0
2018-04-10 00:00:00,3.07558,3.13643,9369.0,10758.0,38815.0,2656.0,1237552.0
2018-04-17 00:00:00,3.3258,3.3621300000000005,9703.0,14265.0,41199.0,2658.0,1225384.0
2018-04-24 00:00:00,3.7977300000000014,3.88115,10765.0,16965.0,46241.0,2677.0,1191426.0
2018-05-01 00:00:00,4.34227,4.52235,11628.0,22217.0,55264.0,2668.0,1222020.0
2018-05-08 00:00:00,4.86953,5.20091,13899.0,29772.0,69732.0,2673.0,1340765.0
2018-05-15 00:00:00,5.0368900000000005,5.42034,14246.0,29255.0,70056.0,2655.0,1292464.0
2018-05-22 00:00:00,4.8812,5.27078,13634.0,26502.0,66461.0,2655.0,1260932.0
2018-05-29 00:00:00,4.54791,4.58991,11647.0,23468.0,58802.0,2658.0,1281115.0
2018-06-05 00:00:00,4.3762,4.39714,11168.0,21760.0,55431.0,2637.0,1260615.0
2018-06-12 00:00:00,4.22692,4.12777,10986.0,20081.0,53177.0,2646.0,1288273.0
2018-06-19 00:00:00,3.68251,3.5027800000000004,9721.0,16800.0,45668.0,2653.0,1303765.0
2018-06-26 00:00:00,3.0855900000000003,3.04819,8644.0,13642.0,37948.0,2619.0,1244935.0
2018-07-03 00:00:00,2.69831,2.67984,7606.0,11768.0,32941.0,2620.0,1229217.0
2018-07-10 00:00:00,2.28676,2.26612,6754.0,10005.0,27854.0,2568.0,1229148.0
2018-07-17 00:00:00,2.01217,1.96484,6325.0,7904.0,23147.0,2542.0,1178058.0
2018-07-24 00:00:00,1.71323,1.7220099999999998,5698.0,6621.0,20610.0,2516.0,1196855.0
2018-07-31 00:00:00,1.5667799999999998,1.5728,5369.0,6207.0,18864.0,2485.0,1199386.0
2018-08-07 00:00:00,1.49827,1.45718,4789.0,5906.0,17107.0,2444.0,1173980.0
2018-08-14 00:00:00,1.49961,1.50332,4649.0,5530.0,16459.0,2336.0,1094840.0
2018-08-21 00:00:00,1.42123,1.40257,4601.0,5234.0,15763.0,2224.0,1123869.0
2018-08-28 00:00:00,1.39258,1.4035799999999998,4442.0,4660.0,14776.0,2196.0,1052737.0
2018-09-04 00:00:00,1.21697,1.23749,3937.0,4115.0,13451.0,2258.0,1086961.0
2018-09-11 00:00:00,1.11266,1.12161,3506.0,3741.0,12106.0,2206.0,1079343.0
2018-09-18 00:00:00,0.991888,1.01276,3056.0,3288.0,10695.0,2159.0,1056024.0
2018-09-25 00:00:00,0.946401,0.959768,2955.0,3117.0,10027.0,2084.0,1044732.0
2018-10-02 00:00:00,0.8746950000000001,0.8789170000000001,2512.0,2726.0,8722.0,2154.0,992358.0
2018-10-09 00:00:00,0.8091689999999999,0.794181,2346.0,2661.0,8425.0,2111.0,1060841.0
2018-10-16 00:00:00,0.75452,0.7663939999999999,2222.0,2571.0,8116.0,2154.0,1058986.0
2018-10-23 00:00:00,0.7329829999999999,0.748613,2138.0,2466.0,7787.0,2140.0,1040191.0
2018-10-30 00:00:00,0.725811,0.757116,2354.0,2438.0,7884.0,2151.0,1041320.0
2018-11-06 00:00:00,0.754209,0.770094,2102.0,2392.0,8060.0,2167.0,1046625.0
2018-11-13 00:00:00,0.729672,0.833506,2634.0,2831.0,8994.0,2200.0,1079056.0
2018-11-20 00:00:00,0.839875,0.94034,2911.0,3503.0,10103.0,2170.0,1074399.0
2018-11-27 00:00:00,0.989358,1.08197,3428.0,4244.0,11904.0,2193.0,1100212.0
2018-12-04 00:00:00,1.1354,1.20216,3810.0,4548.0,13188.0,2217.0,1097022.0
2018-12-11 00:00:00,1.23124,1.27291,3912.0,5502.0,14843.0,2247.0,1166071.0
2018-12-18 00:00:00,1.24448,1.3881,4469.0,5678.0,16001.0,2224.0,1152730.0
2018-12-25 00:00:00,1.3379,1.49515,4981.0,6121.0,17453.0,2211.0,1167311.0
2019-01-01 00:00:00,1.49002,1.50284,6219.0,7658.0,21916.0,2912.0,1458307.0
2019-01-08 00:00:00,1.59192,1.59764,6550.0,7638.0,22954.0,2942.0,1436748.0
2019-01-15 00:00:00,1.72572,1.73931,7287.0,8292.0,24886.0,2966.0,1430800.0
2019-01-22 00:00:00,1.83419,1.86039,7892.0,9349.0,27419.0,2997.0,1473831.0
2019-01-29 00:00:00,2.04008,2.01412,8658.0,10068.0,28910.0,3005.0,1435369.0
2019-02-05 00:00:00,2.39351,2.36364,10557.0,12551.0,34586.0,3022.0,1463253.0
2019-02-12 00:00:00,2.63251,2.64428,11446.0,13671.0,37732.0,2991.0,1426928.0
2019-02-19 00:00:00,2.89941,2.97387,12716.0,17058.0,44161.0,2987.0,1484969.0
2019-02-26 00:00:00,3.41501,3.4538900000000003,14444.0,14821.0,44044.0,2993.0,1275199.0
2019-03-05 00:00:00,3.2579,3.31281,13852.0,16397.0,48904.0,2995.0,1476208.0
2019-03-12 00:00:00,3.94308,3.86928,14728.0,21877.0,56444.0,2958.0,1458774.0
2019-03-19 00:00:00,5.06435,5.02613,18001.0,29182.0,71594.0,2926.0,1424436.0
2019-03-26 00:00:00,7.061610000000001,7.15315,24097.0,34004.0,95757.0,2917.0,1338669.0
2019-04-02 00:00:00,5.90066,6.21936,21594.0,23392.0,88731.0,2970.0,1426691.0
2019-04-09 00:00:00,4.9402,5.06711,15564.0,22756.0,75614.0,3002.0,1492251.0
2019-04-16 00:00:00,5.33135,5.35768,16587.0,29668.0,79783.0,2995.0,1489132.0
2019-04-23 00:00:00,6.07822,6.02274,18574.0,35275.0,90150.0,2997.0,1496826.0
2019-04-30 00:00:00,6.74724,6.8727100000000005,20299.0,44117.0,108307.0,2995.0,1575900.0
2019-05-07 00:00:00,6.80157,7.08558,20270.0,45513.0,111361.0,3005.0,1571657.0
2019-05-14 00:00:00,6.11292,6.2206800000000015,17393.0,36909.0,95418.0,2969.0,1533883.0
2019-05-21 00:00:00,5.52513,5.6196800000000025,15330.0,28531.0,80559.0,2984.0,1433517.0
2019-05-28 00:00:00,5.12333,5.10268,13820.0,25490.0,74823.0,2947.0,1466346.0
2019-06-04 00:00:00,5.26652,5.2892800000000015,13888.0,26396.0,78779.0,2913.0,1489410.0
2019-06-11 00:00:00,5.66932,6.28745,14154.0,27756.0,89607.0,2847.0,1425172.0
2019-06-18 00:00:00,6.3802900000000005,7.35285,10790.0,17512.0,78584.0,2810.0,1068755.0
2019-06-25 00:00:00,4.916919999999998,6.22687,5129.0,8322.0,53142.0,2738.0,853431.0
2019-07-02 00:00:00,3.78625,4.82995,2359.0,4852.0,36251.0,2696.0,750546.0
2019-07-09 00:00:00,2.8012200000000003,3.47366,1496.0,3426.0,24974.0,2698.0,718953.0
2019-07-16 00:00:00,2.12907,2.57391,1068.0,2667.0,18274.0,2679.0,709970.0
2019-07-23 00:00:00,1.73315,2.02032,926.0,2317.0,15164.0,2663.0,750576.0
2019-07-30 00:00:00,1.40939,1.6211,864.0,2098.0,12821.0,2635.0,790883.0
2019-08-06 00:00:00,1.18657,1.35218,720.0,1883.0,11058.0,2624.0,817791.0
2019-08-13 00:00:00,1.11444,1.23805,788.0,1960.0,10480.0,2613.0,846493.0
2019-08-20 00:00:00,1.00711,1.07708,900.0,2221.0,11416.0,2963.0,1059901.0
2019-08-27 00:00:00,0.8898780000000001,0.887647,805.0,1893.0,9605.0,2946.0,1082074.0
2019-09-03 00:00:00,0.815858,0.8209780000000001,801.0,1967.0,9318.0,2925.0,1134988.0
2019-09-10 00:00:00,0.837779,0.814955,878.0,2139.0,9572.0,2899.0,1174543.0
2019-09-17 00:00:00,0.929189,0.951491,1005.0,2679.0,11866.0,2935.0,1247096.0
2019-09-24 00:00:00,1.13871,1.20333,1212.0,3487.0,15490.0,2892.0,1287264.0
2019-10-01 00:00:00,1.27591,1.38465,1394.0,3965.0,17826.0,2888.0,1287401.0
2019-10-08 00:00:00,1.34978,1.47371,1544.0,4092.0,20043.0,2913.0,1360037.0
2019-10-15 00:00:00,1.34436,1.43806,1657.0,4070.0,19250.0,2887.0,1338613.0
2019-10-22 00:00:00,1.22126,1.21924,1634.0,3554.0,16523.0,2948.0,1355190.0
2019-10-29 00:00:00,1.15381,1.1519,1608.0,3493.0,15514.0,2986.0,1346820.0
2019-11-05 00:00:00,1.0649,1.05776,1570.0,3268.0,14103.0,2945.0,1333292.0
2019-11-12 00:00:00,0.979173,0.980887,1587.0,3141.0,13131.0,2965.0,1338686.0
2019-11-19 00:00:00,0.967664,0.959772,1804.0,3263.0,12900.0,2923.0,1344069.0
2019-11-26 00:00:00,1.00158,0.972423,1864.0,3942.0,13138.0,2957.0,1351058.0
2019-12-03 00:00:00,0.917339,0.915323,1766.0,3574.0,12232.0,2907.0,1336359.0
2019-12-10 00:00:00,1.02954,0.97981,1995.0,3806.0,13001.0,2894.0,1326890.0
2019-12-17 00:00:00,0.975797,0.956785,2068.0,3609.0,13005.0,2921.0,1359239.0
2019-12-24 00:00:00,1.0586,1.0348,2273.0,4311.0,14457.0,2919.0,1397083.0
2019-12-31 00:00:00,1.08369,1.0713,2460.0,4710.0,16493.0,3318.0,1539527.0
2020-01-07 00:00:00,1.2079799999999998,1.18587,2553.0,5248.0,19156.0,3351.0,1615360.0
2020-01-14 00:00:00,1.10574,1.08922,2305.0,4611.0,17233.0,3335.0,1582135.0
2020-01-21 00:00:00,1.1882700000000002,1.14924,2445.0,4855.0,18150.0,3356.0,1579306.0
2020-01-28 00:00:00,1.25309,1.18999,2517.0,4929.0,18607.0,3451.0,1563623.0
2020-02-04 00:00:00,1.44223,1.33645,2727.0,5851.0,21401.0,3453.0,1601333.0
2020-02-11 00:00:00,1.48489,1.37774,2775.0,5546.0,22603.0,3423.0,1640587.0
2020-02-18 00:00:00,1.55053,1.42728,2689.0,5346.0,22695.0,3362.0,1590088.0
2020-02-25 00:00:00,1.60937,1.4964,2483.0,4579.0,21297.0,3366.0,1423220.0
2020-03-03 00:00:00,1.56746,1.44898,2603.0,4868.0,22270.0,3368.0,1536943.0
2020-03-10 00:00:00,1.52214,1.43002,2566.0,4721.0,22203.0,3386.0,1552636.0
2020-03-17 00:00:00,1.50787,1.39865,2482.0,4278.0,20865.0,3325.0,1491798.0
2020-03-24 00:00:00,1.55631,1.45757,2323.0,3563.0,19840.0,3329.0,1361170.0
2020-03-31 00:00:00,1.5924,1.53951,2585.0,3934.0,22433.0,3307.0,1457151.0
2020-04-07 00:00:00,1.4767,1.43551,2413.0,4546.0,22702.0,3336.0,1581455.0
2020-04-14 00:00:00,1.29451,1.26458,2380.0,4055.0,19186.0,3313.0,1517183.0
2020-04-21 00:00:00,1.2526,1.21119,2566.0,4049.0,18337.0,3338.0,1513962.0
2020-04-28 00:00:00,1.10043,1.1221,2558.0,3937.0,16877.0,3344.0,1504061.0
2020-05-05 00:00:00,1.17828,1.08335,2632.0,3997.0,16033.0,3310.0,1479946.0
2020-05-12 00:00:00,1.02473,0.977093,2554.0,3726.0,14054.0,3260.0,1438348.0
2020-05-19 00:00:00,0.990461,0.909742,2317.0,3143.0,12567.0,3261.0,1381381.0
2020-05-26 00:00:00,0.862614,0.8613219999999999,2534.0,3525.0,13244.0,3271.0,1537636.0
2020-06-02 00:00:00,0.839059,0.846722,2756.0,3528.0,12913.0,3258.0,1525058.0
2020-06-09 00:00:00,0.895958,0.908885,3203.0,3778.0,13979.0,3254.0,1538038.0
2020-06-16 00:00:00,0.910926,0.941625,3478.0,3796.0,14389.0,3177.0,1528103.0
2020-06-23 00:00:00,0.946945,0.972185,3734.0,3818.0,14999.0,3066.0,1542813.0
2020-06-30 00:00:00,0.963716,1.01376,3955.0,3843.0,15307.0,3027.0,1509928.0
